[reattach] --- attempt #1 at 2026-08-08 15:06:49 ---
probe-rs attach --chip RP2350 target/thumbv8m.main-none-eabihf/release/pico_messenger
[33m WARN[0m [2mprobe_rs::config::registry[0m[2m:[0m Matching RP2350 based on wildcard. Consider specifying the chip as RP235x instead.
[33m WARN[0m [2mprobe_rs::util::rtt::processing[0m[2m:[0m Insufficient DWARF info; compile your program with `debug = 2` to enable location info.
328.348141 [INFO ] raw rx: [13, 10, 35, 69, 78, 69, 82] (<crate> └─ <invalid location: defmt frame-index: 85>:0)
328.348406 [INFO ] raw rx: [71, 89, 58, 32, 49, 48, 51, 55, 46, 49, 13, 10, 35, 83, 76, 69] (<crate> └─ <invalid location: defmt frame-index: 85>:0)
328.348622 [DEBUG] Received URC/128 (17/23): b"#ENERGY: 1037.1" (<crate> └─ <invalid location: defmt frame-index: 14>:0)
328.348984 [INFO ] raw rx: [69, 80, 32, 13, 10] (<crate> └─ <invalid location: defmt frame-index: 85>:0)
328.349087 [DEBUG] Received URC/127 (11/11): b"#SLEEP" (<crate> └─ <invalid location: defmt frame-index: 14>:0)
328.349213 [INFO ] modem energy since last: #ENERGY: 1037.1 uWh (<crate> └─ <invalid location: defmt frame-index: 20>:0)
328.349253 [INFO ] modem entered PSM (<crate> └─ <invalid location: defmt frame-index: 30>:0)
328.350087 [INFO ] moving: resting 272 s to next update (<crate> └─ <invalid location: defmt frame-index: 38>:0)
328.420495 [INFO ] MOCK host sleep: waiting on real RTC INT (RP2350 stays awake) (<crate> └─ <invalid location: defmt frame-index: 86>:0)
539.479449 [INFO ] MOCK host sleep: RTC INT fired, waking (<crate> └─ <invalid location: defmt frame-index: 87>:0)
539.482459 [INFO ] MOCK host sleep: waiting on real RTC INT (RP2350 stays awake) (<crate> └─ <invalid location: defmt frame-index: 86>:0)
599.474664 [INFO ] MOCK host sleep: RTC INT fired, waking (<crate> └─ <invalid location: defmt frame-index: 87>:0)
599.584384 [INFO ] raw rx: [13, 10, 35, 87, 65, 75, 69, 85, 80, 32, 13] (<crate> └─ <invalid location: defmt frame-index: 85>:0)
599.584850 [INFO ] raw rx: [10] (<crate> └─ <invalid location: defmt frame-index: 85>:0)
599.584952 [DEBUG] Received URC/128 (12/12): b"#WAKEUP" (<crate> └─ <invalid location: defmt frame-index: 14>:0)
599.625490 [DEBUG] Sending command: b"AT\r" (<crate> └─ <invalid location: defmt frame-index: 19>:0)
599.626739 [INFO ] raw rx: [13, 10, 79, 75, 13, 10] (<crate> └─ <invalid location: defmt frame-index: 85>:0)
599.626923 [DEBUG] Received OK (6/6) (<crate> └─ <invalid location: defmt frame-index: 13>:0)
599.627029 [INFO ] modem awake after 1 ping(s) (<crate> └─ <invalid location: defmt frame-index: 29>:0)
611.627932 [WARN ] Network start called (<crate> └─ <invalid location: defmt frame-index: 134>:0)
611.628065 [DEBUG] Sending command: b"AT+CGPADDR=5\r" (<crate> └─ <invalid location: defmt frame-index: 19>:0)
611.782562 [INFO ] raw rx: [13, 10, 43, 67, 71, 80, 65, 68, 68] (<crate> └─ <invalid location: defmt frame-index: 85>:0)
611.783414 [INFO ] raw rx: [82, 58, 32, 53, 44, 34, 49, 48, 46, 50, 50, 57, 46, 49, 48, 57] (<crate> └─ <invalid location: defmt frame-index: 85>:0)
611.783756 [INFO ] raw rx: [46, 49, 48, 50, 34, 13, 10, 13, 10, 79, 75, 13, 10] (<crate> └─ <invalid location: defmt frame-index: 85>:0)
611.783871 [DEBUG] Received response (38/38): b"+CGPADDR: 5,\"10.229.109.102\"" (<crate> └─ <invalid location: defmt frame-index: 17>:0)
611.784275 [DEBUG] Sending command: b"AT+CESQ\r" (<crate> └─ <invalid location: defmt frame-index: 19>:0)
611.893526 [INFO ] raw rx: [13, 10, 43] (<crate> └─ <invalid location: defmt frame-index: 85>:0)
611.893801 [INFO ] raw rx: [67, 69, 83, 81, 58, 32, 57, 57, 44, 57, 57, 44, 50, 53, 53, 44] (<crate> └─ <invalid location: defmt frame-index: 85>:0)
611.894919 [INFO ] raw rx: [50, 53, 53, 44, 50, 53, 53, 44, 50, 53, 53, 13, 10, 13, 10, 13] (<crate> └─ <invalid location: defmt frame-index: 85>:0)
611.895217 [INFO ] raw rx: [10, 79, 75, 13, 10] (<crate> └─ <invalid location: defmt frame-index: 85>:0)
611.895323 [DEBUG] Received response (40/40): b"+CESQ: 99,99,255,255,255,255" (<crate> └─ <invalid location: defmt frame-index: 17>:0)
611.895661 [INFO ] signal: RSRP unknown (idx Some(255)) (<crate> └─ <invalid location: defmt frame-index: 49>:0)
611.895679 [INFO ] PDP context active - seeding IpUp (<crate> └─ <invalid location: defmt frame-index: 51>:0)
611.895708 [INFO ] querying modem for open sockets before create (<crate> └─ <invalid location: defmt frame-index: 56>:0)
611.895793 [DEBUG] Sending command: b"AT#SOCKETCREATE?\r" (<crate> └─ <invalid location: defmt frame-index: 19>:0)
611.900274 [INFO ] raw rx: [13, 10, 35, 83, 79, 67, 75, 69, 84, 67, 82] (<crate> └─ <invalid location: defmt frame-index: 85>:0)
611.900654 [INFO ] raw rx: [69, 65, 84, 69, 58, 13, 10, 13, 10, 79, 75, 13, 10] (<crate> └─ <invalid location: defmt frame-index: 85>:0)
611.900774 [DEBUG] Received response (24/24): b"#SOCKETCREATE:" (<crate> └─ <invalid location: defmt frame-index: 17>:0)
611.900993 [INFO ] no sockets open - proceeding to create (<crate> └─ <invalid location: defmt frame-index: 59>:0)
611.901004 [INFO ] creating socket (<crate> └─ <invalid location: defmt frame-index: 60>:0)
611.901149 [DEBUG] Sending command: b"AT#SOCKETCREATE=5,0,\"TCP\",0,60,60,0,0\r" (<crate> └─ <invalid location: defmt frame-index: 19>:0)
612.028607 [INFO ] raw rx: [13, 10, 35] (<crate> └─ <invalid location: defmt frame-index: 85>:0)
612.028672 [INFO ] raw rx: [83, 79, 67, 75, 69, 84, 67, 82, 69, 65, 84, 69, 58] (<crate> └─ <invalid location: defmt frame-index: 85>:0)
612.029058 [INFO ] raw rx: [32, 48, 13] (<crate> └─ <invalid location: defmt frame-index: 85>:0)
612.029242 [INFO ] raw rx: [10, 13, 10, 79, 75, 13, 10] (<crate> └─ <invalid location: defmt frame-index: 85>:0)
612.029329 [DEBUG] Received response (26/26): b"#SOCKETCREATE: 0" (<crate> └─ <invalid location: defmt frame-index: 17>:0)
612.029576 [INFO ] Socket created, configuring MQTT stack (<crate> └─ <invalid location: defmt frame-index: 61>:0)
612.029587 [INFO ] configuring mqtt (<crate> └─ <invalid location: defmt frame-index: 62>:0)
612.029707 [DEBUG] Sending command: b"AT#MQTTCFG=\"pico-messenger\",70,60,0,60\r" (<crate> └─ <invalid location: defmt frame-index: 19>:0)
612.034432 [INFO ] raw rx: [13, 10, 79, 75, 13, 10] (<crate> └─ <invalid location: defmt frame-index: 85>:0)
612.034613 [DEBUG] Received OK (6/6) (<crate> └─ <invalid location: defmt frame-index: 13>:0)
612.034756 [INFO ] Mqtt config set (<crate> └─ <invalid location: defmt frame-index: 63>:0)
612.034764 [INFO ] waiting for modem clock before connect (<crate> └─ <invalid location: defmt frame-index: 64>:0)
612.034841 [DEBUG] Sending command: b"AT+CCLK?\r" (<crate> └─ <invalid location: defmt frame-index: 19>:0)
612.055898 [INFO ] raw rx: [13, 10, 43] (<crate> └─ <invalid location: defmt frame-index: 85>:0)
612.056169 [INFO ] raw rx: [67, 67, 76, 75, 58, 32, 34, 50, 54, 47, 48, 56, 47, 48, 56, 44] (<crate> └─ <invalid location: defmt frame-index: 85>:0)
612.057189 [INFO ] raw rx: [49, 52, 58, 49, 48, 58, 48, 54, 43, 48, 56, 34, 13, 10, 13, 10] (<crate> └─ <invalid location: defmt frame-index: 85>:0)
612.057486 [INFO ] raw rx: [79, 75, 13, 10] (<crate> └─ <invalid location: defmt frame-index: 85>:0)
612.057579 [DEBUG] Received response (39/39): b"+CCLK: \"26/08/08,14:10:06+08\"" (<crate> └─ <invalid location: defmt frame-index: 17>:0)
612.057872 [INFO ] modem clock ready (year=26) (<crate> └─ <invalid location: defmt frame-index: 66>:0)
612.057918 [INFO ] connecting mqtt (<crate> └─ <invalid location: defmt frame-index: 67>:0)
612.058121 [DEBUG] Sending command with long payload (97 bytes) (<crate> └─ <invalid location: defmt frame-index: 18>:0)
618.528588 [INFO ] raw rx: [13, 10, 79, 75, 13, 10] (<crate> └─ <invalid location: defmt frame-index: 85>:0)
618.528851 [DEBUG] Received OK (6/6) (<crate> └─ <invalid location: defmt frame-index: 13>:0)
618.529006 [INFO ] Mqtt connected (<crate> └─ <invalid location: defmt frame-index: 68>:0)
618.529033 [INFO ] subscribing (<crate> └─ <invalid location: defmt frame-index: 70>:0)
618.529176 [INFO ] MOCK gnss restart (<crate> └─ <invalid location: defmt frame-index: 32>:0)
621.529465 [INFO ] MOCK gnss stopped (<crate> └─ <invalid location: defmt frame-index: 33>:0)
621.530030 [DEBUG] Sending command with long payload (80 bytes) (<crate> └─ <invalid location: defmt frame-index: 18>:0)
621.666733 [INFO ] raw rx: [13, 10, 79, 75, 13, 10] (<crate> └─ <invalid location: defmt frame-index: 85>:0)
621.667002 [DEBUG] Received OK (6/6) (<crate> └─ <invalid location: defmt frame-index: 13>:0)
621.667186 [INFO ] location published (<crate> └─ <invalid location: defmt frame-index: 34>:0)
621.668131 [DEBUG] Sending command with long payload (65 bytes) (<crate> └─ <invalid location: defmt frame-index: 18>:0)
621.687343 [INFO ] raw rx: [13, 10, 79, 75, 13, 10] (<crate> └─ <invalid location: defmt frame-index: 85>:0)
621.687544 [DEBUG] Received OK (6/6) (<crate> └─ <invalid location: defmt frame-index: 13>:0)
621.687682 [INFO ] diag published (<crate> └─ <invalid location: defmt frame-index: 34>:0)
621.688514 [INFO ] disconnecting (<crate> └─ <invalid location: defmt frame-index: 54>:0)
623.688653 [DEBUG] Sending command: b"AT#MQTTCONNECT?\r" (<crate> └─ <invalid location: defmt frame-index: 19>:0)
623.808802 [INFO ] raw rx: [13, 10, 35, 77, 81, 84, 84, 67, 79, 78] (<crate> └─ <invalid location: defmt frame-index: 85>:0)
623.809750 [INFO ] raw rx: [78, 69, 67, 84, 58, 32, 49, 44, 53, 44, 48, 44, 51, 52, 46, 49] (<crate> └─ <invalid location: defmt frame-index: 85>:0)
623.811192 [INFO ] raw rx: [52, 56, 46, 50, 49, 49, 46, 51, 44, 56, 56, 56, 51, 44, 99, 122] (<crate> └─ <invalid location: defmt frame-index: 85>:0)
623.811490 [INFO ] raw rx: [97, 114, 111, 112, 13, 10, 13, 10, 79, 75, 13, 10] (<crate> └─ <invalid location: defmt frame-index: 85>:0)
623.811599 [DEBUG] Received response (54/54): b"#MQTTCONNECT: 1,5,0,34.148.211.3,8883,czarop" (<crate> └─ <invalid location: defmt frame-index: 17>:0)
623.811817 [INFO ] MQTT state before teardown -> #MQTTCONNECT: 1,5,0,34.148.211.3,8883,czarop (<crate> └─ <invalid location: defmt frame-index: 28>:0)
623.811885 [DEBUG] Sending command: b"AT#MQTTDISC\r" (<crate> └─ <invalid location: defmt frame-index: 19>:0)
624.705026 [INFO ] raw rx: [13, 10, 79, 75] (<crate> └─ <invalid location: defmt frame-index: 85>:0)
624.705287 [INFO ] raw rx: [13, 10] (<crate> └─ <invalid location: defmt frame-index: 85>:0)
624.705384 [DEBUG] Received OK (6/6) (<crate> └─ <invalid location: defmt frame-index: 13>:0)
624.705690 [DEBUG] Sending command: b"AT#SOCKETCREATE?\r" (<crate> └─ <invalid location: defmt frame-index: 19>:0)
624.817719 [INFO ] raw rx: [13, 10, 35, 83, 79, 67, 75, 69, 84, 67, 82, 69, 65, 84] (<crate> └─ <invalid location: defmt frame-index: 85>:0)
624.818089 [INFO ] raw rx: [69, 58, 13, 10, 13, 10, 79, 75, 13, 10] (<crate> └─ <invalid location: defmt frame-index: 85>:0)
624.818201 [DEBUG] Received response (24/24): b"#SOCKETCREATE:" (<crate> └─ <invalid location: defmt frame-index: 17>:0)
624.818527 [DEBUG] Sending command: b"AT#SLEEPMODE\r" (<crate> └─ <invalid location: defmt frame-index: 19>:0)
624.820671 [INFO ] raw rx: [13, 10, 79, 75, 13, 10] (<crate> └─ <invalid location: defmt frame-index: 85>:0)
624.820856 [DEBUG] Received OK (6/6) (<crate> └─ <invalid location: defmt frame-index: 13>:0)
630.390522 [INFO ] raw rx: [13, 10, 35, 69, 78, 69, 82, 71, 89, 58, 32, 49, 48, 57, 48, 46] (<crate> └─ <invalid location: defmt frame-index: 85>:0)
630.391039 [INFO ] raw rx: [53, 13, 10, 35, 83, 76, 69, 69, 80, 32, 13, 10] (<crate> └─ <invalid location: defmt frame-index: 85>:0)
630.391228 [DEBUG] Received URC/128 (17/28): b"#ENERGY: 1090.5" (<crate> └─ <invalid location: defmt frame-index: 14>:0)
630.391399 [DEBUG] Received URC/127 (11/11): b"#SLEEP" (<crate> └─ <invalid location: defmt frame-index: 14>:0)
630.391521 [INFO ] modem energy since last: #ENERGY: 1090.5 uWh (<crate> └─ <invalid location: defmt frame-index: 20>:0)
630.391558 [INFO ] modem entered PSM (<crate> └─ <invalid location: defmt frame-index: 30>:0)
630.392412 [INFO ] moving: resting 270 s to next update (<crate> └─ <invalid location: defmt frame-index: 38>:0)
630.462836 [INFO ] MOCK host sleep: waiting on real RTC INT (RP2350 stays awake) (<crate> └─ <invalid location: defmt frame-index: 86>:0)
839.455510 [INFO ] MOCK host sleep: RTC INT fired, waking (<crate> └─ <invalid location: defmt frame-index: 87>:0)
839.458521 [INFO ] MOCK host sleep: waiting on real RTC INT (RP2350 stays awake) (<crate> └─ <invalid location: defmt frame-index: 86>:0)
899.450724 [INFO ] MOCK host sleep: RTC INT fired, waking (<crate> └─ <invalid location: defmt frame-index: 87>:0)
899.560480 [INFO ] raw rx: [13, 10, 35, 87] (<crate> └─ <invalid location: defmt frame-index: 85>:0)
899.560828 [INFO ] raw rx: [65, 75, 69, 85, 80, 32, 13, 10] (<crate> └─ <invalid location: defmt frame-index: 85>:0)
899.560954 [DEBUG] Received URC/128 (12/12): b"#WAKEUP" (<crate> └─ <invalid location: defmt frame-index: 14>:0)
899.601542 [DEBUG] Sending command: b"AT\r" (<crate> └─ <invalid location: defmt frame-index: 19>:0)
899.602800 [INFO ] raw rx: [13, 10, 79, 75, 13, 10] (<crate> └─ <invalid location: defmt frame-index: 85>:0)
899.602989 [DEBUG] Received OK (6/6) (<crate> └─ <invalid location: defmt frame-index: 13>:0)
899.603094 [INFO ] modem awake after 1 ping(s) (<crate> └─ <invalid location: defmt frame-index: 29>:0)
911.604011 [WARN ] Network start called (<crate> └─ <invalid location: defmt frame-index: 134>:0)
911.604145 [DEBUG] Sending command: b"AT+CGPADDR=5\r" (<crate> └─ <invalid location: defmt frame-index: 19>:0)
911.758493 [INFO ] raw rx: [13, 10] (<crate> └─ <invalid location: defmt frame-index: 85>:0)
911.758683 [INFO ] raw rx: [43, 67, 71, 80, 65, 68, 68, 82, 58, 32, 53, 44, 34, 49, 48, 46] (<crate> └─ <invalid location: defmt frame-index: 85>:0)
911.759707 [INFO ] raw rx: [50, 50, 57, 46, 49, 48, 57, 46, 49, 48, 50, 34, 13, 10, 13, 10] (<crate> └─ <invalid location: defmt frame-index: 85>:0)
911.759998 [INFO ] raw rx: [79, 75, 13, 10] (<crate> └─ <invalid location: defmt frame-index: 85>:0)
911.760101 [DEBUG] Received response (38/38): b"+CGPADDR: 5,\"10.229.109.102\"" (<crate> └─ <invalid location: defmt frame-index: 17>:0)
911.760511 [DEBUG] Sending command: b"AT+CESQ\r" (<crate> └─ <invalid location: defmt frame-index: 19>:0)
911.869885 [INFO ] raw rx: [13, 10, 43, 67, 69, 83, 81, 58, 32, 57, 57, 44] (<crate> └─ <invalid location: defmt frame-index: 85>:0)
911.871006 [INFO ] raw rx: [57, 57, 44, 50, 53, 53, 44, 50, 53, 53, 44, 50, 53, 53, 44, 50] (<crate> └─ <invalid location: defmt frame-index: 85>:0)
911.871302 [INFO ] raw rx: [53, 53, 13, 10, 13, 10, 13, 10, 79, 75, 13, 10] (<crate> └─ <invalid location: defmt frame-index: 85>:0)
911.871411 [DEBUG] Received response (40/40): b"+CESQ: 99,99,255,255,255,255" (<crate> └─ <invalid location: defmt frame-index: 17>:0)
911.871751 [INFO ] signal: RSRP unknown (idx Some(255)) (<crate> └─ <invalid location: defmt frame-index: 49>:0)
911.871768 [INFO ] PDP context active - seeding IpUp (<crate> └─ <invalid location: defmt frame-index: 51>:0)
911.871798 [INFO ] querying modem for open sockets before create (<crate> └─ <invalid location: defmt frame-index: 56>:0)
911.871880 [DEBUG] Sending command: b"AT#SOCKETCREATE?\r" (<crate> └─ <invalid location: defmt frame-index: 19>:0)
911.876418 [INFO ] raw rx: [13, 10, 35, 83] (<crate> └─ <invalid location: defmt frame-index: 85>:0)
911.876506 [INFO ] raw rx: [79, 67, 75, 69, 84, 67, 82, 69, 65, 84, 69, 58] (<crate> └─ <invalid location: defmt frame-index: 85>:0)
911.876889 [INFO ] raw rx: [13, 10, 13, 10] (<crate> └─ <invalid location: defmt frame-index: 85>:0)
911.877065 [INFO ] raw rx: [79, 75, 13, 10] (<crate> └─ <invalid location: defmt frame-index: 85>:0)
911.877151 [DEBUG] Received response (24/24): b"#SOCKETCREATE:" (<crate> └─ <invalid location: defmt frame-index: 17>:0)
911.877366 [INFO ] no sockets open - proceeding to create (<crate> └─ <invalid location: defmt frame-index: 59>:0)
911.877378 [INFO ] creating socket (<crate> └─ <invalid location: defmt frame-index: 60>:0)
911.877521 [DEBUG] Sending command: b"AT#SOCKETCREATE=5,0,\"TCP\",0,60,60,0,0\r" (<crate> └─ <invalid location: defmt frame-index: 19>:0)
912.004763 [INFO ] raw rx: [13, 10, 35, 83, 79, 67, 75, 69, 84, 67, 82, 69] (<crate> └─ <invalid location: defmt frame-index: 85>:0)
912.005148 [INFO ] raw rx: [65, 84, 69, 58, 32, 48, 13, 10, 13, 10, 79, 75, 13, 10] (<crate> └─ <invalid location: defmt frame-index: 85>:0)
912.005263 [DEBUG] Received response (26/26): b"#SOCKETCREATE: 0" (<crate> └─ <invalid location: defmt frame-index: 17>:0)
912.005501 [INFO ] Socket created, configuring MQTT stack (<crate> └─ <invalid location: defmt frame-index: 61>:0)
912.005512 [INFO ] configuring mqtt (<crate> └─ <invalid location: defmt frame-index: 62>:0)
912.005640 [DEBUG] Sending command: b"AT#MQTTCFG=\"pico-messenger\",70,60,0,60\r" (<crate> └─ <invalid location: defmt frame-index: 19>:0)
912.010355 [INFO ] raw rx: [13, 10] (<crate> └─ <invalid location: defmt frame-index: 85>:0)
912.010417 [INFO ] raw rx: [79, 75, 13, 10] (<crate> └─ <invalid location: defmt frame-index: 85>:0)
912.010567 [DEBUG] Received OK (6/6) (<crate> └─ <invalid location: defmt frame-index: 13>:0)
912.010702 [INFO ] Mqtt config set (<crate> └─ <invalid location: defmt frame-index: 63>:0)
912.010709 [INFO ] waiting for modem clock before connect (<crate> └─ <invalid location: defmt frame-index: 64>:0)
912.010787 [DEBUG] Sending command: b"AT+CCLK?\r" (<crate> └─ <invalid location: defmt frame-index: 19>:0)
912.031790 [INFO ] raw rx: [13, 10, 43, 67, 67, 76, 75, 58, 32, 34, 50, 54] (<crate> └─ <invalid location: defmt frame-index: 85>:0)
912.033087 [INFO ] raw rx: [47, 48, 56, 47, 48, 56, 44, 49, 52, 58, 49, 53, 58, 48, 53, 43] (<crate> └─ <invalid location: defmt frame-index: 85>:0)
912.033382 [INFO ] raw rx: [48, 56, 34, 13, 10, 13, 10, 79, 75, 13, 10] (<crate> └─ <invalid location: defmt frame-index: 85>:0)
912.033479 [DEBUG] Received response (39/39): b"+CCLK: \"26/08/08,14:15:05+08\"" (<crate> └─ <invalid location: defmt frame-index: 17>:0)
912.033757 [INFO ] modem clock ready (year=26) (<crate> └─ <invalid location: defmt frame-index: 66>:0)
912.033797 [INFO ] connecting mqtt (<crate> └─ <invalid location: defmt frame-index: 67>:0)
912.033978 [DEBUG] Sending command with long payload (97 bytes) (<crate> └─ <invalid location: defmt frame-index: 18>:0)
[31mERROR[0m [2mnusb::platform::macos_iokit::device[0m[2m:[0m Failed to submit Out transfer 0xb69158060 of len 14 on endpoint 04: e000404f
[31mERROR[0m [2mnusb::platform::macos_iokit::device[0m[2m:[0m Failed to submit Out transfer 0xb69158090 of len 4 on endpoint 04: e00002d9
[33m WARN[0m [2mprobe_rs::session[0m[2m:[0m Could not clear all hardware breakpoints: An ARM specific error occurred.

Caused by:
    0: The debug probe encountered an error.
    1: An error which is specific to the debug probe in use occurred.
    2: Error handling CMSIS-DAP command Transfer.
    3: Error in the USB access.
[33m WARN[0m [2mprobe_rs::session[0m[2m:[0m Failed to deconfigure device during shutdown: Arm(Probe(ProbeSpecific(BoxedProbeError(Send { command_id: Transfer, source: UsbError(Custom { kind: NotFound, error: Error { kind: NotFound, code: None, message: "specified endpoint does not exist on IOKit interface" } }) }))))
Error: An ARM specific error occurred.

Caused by:
    0: The debug probe encountered an error.
    1: An error which is specific to the debug probe in use occurred.
    2: Error handling CMSIS-DAP command Transfer.
    3: Error in the USB access.
error: Recipe `attach` failed on line 38 with exit code 1
[reattach] attach exited, retrying in 2s...
[reattach] --- attempt #2 at 2026-08-08 15:15:12 ---
probe-rs attach --chip RP2350 target/thumbv8m.main-none-eabihf/release/pico_messenger
[33m WARN[0m [2mprobe_rs::config::registry[0m[2m:[0m Matching RP2350 based on wildcard. Consider specifying the chip as RP235x instead.
[33m WARN[0m [2mprobe_rs::util::rtt::processing[0m[2m:[0m Insufficient DWARF info; compile your program with `debug = 2` to enable location info.
916.485315 [INFO ] raw rx: [13, 10, 79, 75, 13] (<crate> └─ <invalid location: defmt frame-index: 85>:0)
916.485698 [INFO ] raw rx: [10] (<crate> └─ <invalid location: defmt frame-index: 85>:0)
916.485798 [DEBUG] Received OK (6/6) (<crate> └─ <invalid location: defmt frame-index: 13>:0)
916.485946 [INFO ] Mqtt connected (<crate> └─ <invalid location: defmt frame-index: 68>:0)
916.485972 [INFO ] subscribing (<crate> └─ <invalid location: defmt frame-index: 70>:0)
916.486126 [INFO ] MOCK gnss restart (<crate> └─ <invalid location: defmt frame-index: 32>:0)
919.486447 [INFO ] MOCK gnss stopped (<crate> └─ <invalid location: defmt frame-index: 33>:0)
919.487030 [DEBUG] Sending command with long payload (80 bytes) (<crate> └─ <invalid location: defmt frame-index: 18>:0)
919.623626 [INFO ] raw rx: [13, 10, 79, 75, 13, 10] (<crate> └─ <invalid location: defmt frame-index: 85>:0)
919.623882 [DEBUG] Received OK (6/6) (<crate> └─ <invalid location: defmt frame-index: 13>:0)
919.624054 [INFO ] location published (<crate> └─ <invalid location: defmt frame-index: 34>:0)
919.625009 [DEBUG] Sending command with long payload (65 bytes) (<crate> └─ <invalid location: defmt frame-index: 18>:0)
919.644414 [INFO ] raw rx: [13, 10, 79, 75, 13, 10] (<crate> └─ <invalid location: defmt frame-index: 85>:0)
919.644616 [DEBUG] Received OK (6/6) (<crate> └─ <invalid location: defmt frame-index: 13>:0)
919.644751 [INFO ] diag published (<crate> └─ <invalid location: defmt frame-index: 34>:0)
919.645589 [INFO ] disconnecting (<crate> └─ <invalid location: defmt frame-index: 54>:0)
[33m WARN[0m [2mprobe_rs::session[0m[2m:[0m Could not clear all hardware breakpoints: An ARM specific error occurred.

Caused by:
    0: The debug probe encountered an error.
    1: An error which is specific to the debug probe in use occurred.
    2: Error handling CMSIS-DAP command Transfer.
    3: Error in the USB access.
[33m WARN[0m [2mprobe_rs::session[0m[2m:[0m Failed to deconfigure device during shutdown: Arm(Probe(ProbeSpecific(BoxedProbeError(Send { command_id: Transfer, source: UsbError(Custom { kind: NotFound, error: Error { kind: NotFound, code: None, message: "specified endpoint does not exist on IOKit interface" } }) }))))
Error: An ARM specific error occurred.

Caused by:
    0: The debug probe encountered an error.
    1: An error which is specific to the debug probe in use occurred.
    2: Error handling CMSIS-DAP command Transfer.
    3: Error in the USB access.
error: Recipe `attach` failed on line 38 with exit code 1
[reattach] attach exited, retrying in 2s...
[reattach] --- attempt #3 at 2026-08-08 15:15:18 ---
probe-rs attach --chip RP2350 target/thumbv8m.main-none-eabihf/release/pico_messenger
[33m WARN[0m [2mprobe_rs::config::registry[0m[2m:[0m Matching RP2350 based on wildcard. Consider specifying the chip as RP235x instead.
[33m WARN[0m [2mprobe_rs::util::rtt::processing[0m[2m:[0m Insufficient DWARF info; compile your program with `debug = 2` to enable location info.
921.645718 [DEBUG] Sending command: b"AT#MQTTCONNECT?\r" (<crate> └─ <invalid location: defmt frame-index: 19>:0)
921.765688 [INFO ] raw rx: [13, 10, 35] (<crate> └─ <invalid location: defmt frame-index: 85>:0)
921.765971 [INFO ] raw rx: [77, 81, 84, 84, 67, 79, 78, 78, 69, 67, 84, 58, 32, 49, 44, 53] (<crate> └─ <invalid location: defmt frame-index: 85>:0)
921.767444 [INFO ] raw rx: [44, 48, 44, 51, 52, 46, 49, 52, 56, 46, 50, 49, 49, 46, 51, 44] (<crate> └─ <invalid location: defmt frame-index: 85>:0)
921.768343 [INFO ] raw rx: [56, 56, 56, 51, 44, 99, 122, 97, 114, 111, 112, 13, 10, 13, 10, 79] (<crate> └─ <invalid location: defmt frame-index: 85>:0)
921.768639 [INFO ] raw rx: [75, 13, 10] (<crate> └─ <invalid location: defmt frame-index: 85>:0)
921.768736 [DEBUG] Received response (54/54): b"#MQTTCONNECT: 1,5,0,34.148.211.3,8883,czarop" (<crate> └─ <invalid location: defmt frame-index: 17>:0)
921.768956 [INFO ] MQTT state before teardown -> #MQTTCONNECT: 1,5,0,34.148.211.3,8883,czarop (<crate> └─ <invalid location: defmt frame-index: 28>:0)
921.769027 [DEBUG] Sending command: b"AT#MQTTDISC\r" (<crate> └─ <invalid location: defmt frame-index: 19>:0)
922.874597 [INFO ] raw rx: [13, 10, 79, 75, 13, 10] (<crate> └─ <invalid location: defmt frame-index: 85>:0)
922.874838 [DEBUG] Received OK (6/6) (<crate> └─ <invalid location: defmt frame-index: 13>:0)
922.875164 [DEBUG] Sending command: b"AT#SOCKETCREATE?\r" (<crate> └─ <invalid location: defmt frame-index: 19>:0)
922.990992 [INFO ] raw rx: [13, 10, 35, 83, 79, 67, 75] (<crate> └─ <invalid location: defmt frame-index: 85>:0)
922.991070 [INFO ] raw rx: [69, 84, 67, 82, 69, 65, 84, 69, 58] (<crate> └─ <invalid location: defmt frame-index: 85>:0)
922.991450 [INFO ] raw rx: [13, 10, 13, 10, 79, 75, 13] (<crate> └─ <invalid location: defmt frame-index: 85>:0)
922.991723 [INFO ] raw rx: [10] (<crate> └─ <invalid location: defmt frame-index: 85>:0)
922.991810 [DEBUG] Received response (24/24): b"#SOCKETCREATE:" (<crate> └─ <invalid location: defmt frame-index: 17>:0)
922.992153 [DEBUG] Sending command: b"AT#SLEEPMODE\r" (<crate> └─ <invalid location: defmt frame-index: 19>:0)
922.994369 [INFO ] raw rx: [13, 10, 79, 75, 13, 10] (<crate> └─ <invalid location: defmt frame-index: 85>:0)
922.994551 [DEBUG] Received OK (6/6) (<crate> └─ <invalid location: defmt frame-index: 13>:0)
928.481584 [INFO ] raw rx: [13, 10, 35, 69, 78, 69, 82, 71, 89] (<crate> └─ <invalid location: defmt frame-index: 85>:0)
928.481855 [INFO ] raw rx: [58, 32, 49, 48, 52, 52, 46, 49, 13, 10, 35, 83, 76, 69, 69, 80] (<crate> └─ <invalid location: defmt frame-index: 85>:0)
928.482056 [DEBUG] Received URC/128 (17/25): b"#ENERGY: 1044.1" (<crate> └─ <invalid location: defmt frame-index: 14>:0)
928.482440 [INFO ] raw rx: [32, 13, 10] (<crate> └─ <invalid location: defmt frame-index: 85>:0)
928.482541 [DEBUG] Received URC/127 (11/11): b"#SLEEP" (<crate> └─ <invalid location: defmt frame-index: 14>:0)
928.482665 [INFO ] modem energy since last: #ENERGY: 1044.1 uWh (<crate> └─ <invalid location: defmt frame-index: 20>:0)
928.482704 [INFO ] modem entered PSM (<crate> └─ <invalid location: defmt frame-index: 30>:0)
928.483539 [INFO ] moving: resting 271 s to next update (<crate> └─ <invalid location: defmt frame-index: 38>:0)
928.553557 [INFO ] MOCK host sleep: waiting on real RTC INT (RP2350 stays awake) (<crate> └─ <invalid location: defmt frame-index: 86>:0)
[31mERROR[0m [2mnusb::platform::macos_iokit::device[0m[2m:[0m Failed to submit Out transfer 0xaf1c21110 of len 14 on endpoint 04: e000404f
[31mERROR[0m [2mnusb::platform::macos_iokit::device[0m[2m:[0m Failed to submit Out transfer 0xaf1c21170 of len 4 on endpoint 04: e000404f
[33m WARN[0m [2mprobe_rs::session[0m[2m:[0m Could not clear all hardware breakpoints: An ARM specific error occurred.

Caused by:
    0: The debug probe encountered an error.
    1: An error which is specific to the debug probe in use occurred.
    2: Error handling CMSIS-DAP command Transfer.
    3: Error in the USB access.
[31mERROR[0m [2mnusb::platform::macos_iokit::device[0m[2m:[0m Failed to submit Out transfer 0xaf1c21170 of len 4 on endpoint 04: e000404f
[33m WARN[0m [2mprobe_rs::session[0m[2m:[0m Failed to deconfigure device during shutdown: Arm(Probe(ProbeSpecific(BoxedProbeError(Send { command_id: Transfer, source: UsbError(Custom { kind: ConnectionReset, error: Stall }) }))))
[31mERROR[0m [2mnusb::platform::macos_iokit::device[0m[2m:[0m Failed to submit Out transfer 0xaf1c21170 of len 14 on endpoint 04: e000404f
[31mERROR[0m [2mnusb::platform::macos_iokit::device[0m[2m:[0m Failed to submit Out transfer 0xaf1c21170 of len 1 on endpoint 04: e000404f
Error: An ARM specific error occurred.

Caused by:
    0: The debug probe encountered an error.
    1: An error which is specific to the debug probe in use occurred.
    2: Error handling CMSIS-DAP command Transfer.
    3: Error in the USB access.
error: Recipe `attach` failed on line 38 with exit code 1
[reattach] attach exited, retrying in 2s...
[reattach] --- attempt #4 at 2026-08-08 15:18:07 ---
probe-rs attach --chip RP2350 target/thumbv8m.main-none-eabihf/release/pico_messenger
[33m WARN[0m [2mprobe_rs::config::registry[0m[2m:[0m Matching RP2350 based on wildcard. Consider specifying the chip as RP235x instead.
Error: Failed to open probe: Failed to open the debug probe.

Caused by:
    0: An error which is specific to the debug probe in use occurred.
    1: Error handling CMSIS-DAP command Info.
    2: Error in the USB access.
error: Recipe `attach` failed on line 38 with exit code 1
[reattach] attach exited, retrying in 2s...
[reattach] --- attempt #5 at 2026-08-08 15:18:09 ---
probe-rs attach --chip RP2350 target/thumbv8m.main-none-eabihf/release/pico_messenger
[33m WARN[0m [2mprobe_rs::config::registry[0m[2m:[0m Matching RP2350 based on wildcard. Consider specifying the chip as RP235x instead.
Error: Failed to open probe: Failed to open the debug probe.

Caused by:
    0: An error which is specific to the debug probe in use occurred.
    1: Error handling CMSIS-DAP command Info.
    2: Error in the USB access.
error: Recipe `attach` failed on line 38 with exit code 1
[reattach] attach exited, retrying in 2s...
[reattach] --- attempt #6 at 2026-08-08 15:18:11 ---
probe-rs attach --chip RP2350 target/thumbv8m.main-none-eabihf/release/pico_messenger
[33m WARN[0m [2mprobe_rs::config::registry[0m[2m:[0m Matching RP2350 based on wildcard. Consider specifying the chip as RP235x instead.
Error: Failed to open probe: Failed to open the debug probe.

Caused by:
    0: An error which is specific to the debug probe in use occurred.
    1: Error handling CMSIS-DAP command Info.
    2: Error in the USB access.
error: Recipe `attach` failed on line 38 with exit code 1
[reattach] attach exited, retrying in 2s...
[reattach] --- attempt #7 at 2026-08-08 15:18:13 ---
probe-rs attach --chip RP2350 target/thumbv8m.main-none-eabihf/release/pico_messenger
[33m WARN[0m [2mprobe_rs::config::registry[0m[2m:[0m Matching RP2350 based on wildcard. Consider specifying the chip as RP235x instead.
Error: Failed to open probe: Failed to open the debug probe.

Caused by:
    0: An error which is specific to the debug probe in use occurred.
    1: Error handling CMSIS-DAP command Info.
    2: Error in the USB access.
error: Recipe `attach` failed on line 38 with exit code 1
[reattach] attach exited, retrying in 2s...
[reattach] --- attempt #8 at 2026-08-08 15:18:15 ---
probe-rs attach --chip RP2350 target/thumbv8m.main-none-eabihf/release/pico_messenger
[33m WARN[0m [2mprobe_rs::config::registry[0m[2m:[0m Matching RP2350 based on wildcard. Consider specifying the chip as RP235x instead.
Error: Failed to open probe: Failed to open the debug probe.

Caused by:
    0: An error which is specific to the debug probe in use occurred.
    1: Error handling CMSIS-DAP command Info.
    2: Error in the USB access.
error: Recipe `attach` failed on line 38 with exit code 1
[reattach] attach exited, retrying in 2s...
[reattach] --- attempt #9 at 2026-08-08 15:18:18 ---
probe-rs attach --chip RP2350 target/thumbv8m.main-none-eabihf/release/pico_messenger
[33m WARN[0m [2mprobe_rs::config::registry[0m[2m:[0m Matching RP2350 based on wildcard. Consider specifying the chip as RP235x instead.
Error: Failed to open probe: Failed to open the debug probe.

Caused by:
    0: An error which is specific to the debug probe in use occurred.
    1: Error handling CMSIS-DAP command Info.
    2: Error in the USB access.
error: Recipe `attach` failed on line 38 with exit code 1
[reattach] attach exited, retrying in 2s...
[reattach] --- attempt #10 at 2026-08-08 15:18:20 ---
probe-rs attach --chip RP2350 target/thumbv8m.main-none-eabihf/release/pico_messenger
[33m WARN[0m [2mprobe_rs::config::registry[0m[2m:[0m Matching RP2350 based on wildcard. Consider specifying the chip as RP235x instead.
Error: Failed to open probe: Failed to open the debug probe.

Caused by:
    0: An error which is specific to the debug probe in use occurred.
    1: Error handling CMSIS-DAP command Info.
    2: Error in the USB access.
error: Recipe `attach` failed on line 38 with exit code 1
[reattach] attach exited, retrying in 2s...
[reattach] --- attempt #11 at 2026-08-08 15:18:22 ---
probe-rs attach --chip RP2350 target/thumbv8m.main-none-eabihf/release/pico_messenger
[33m WARN[0m [2mprobe_rs::config::registry[0m[2m:[0m Matching RP2350 based on wildcard. Consider specifying the chip as RP235x instead.
Error: Failed to open probe: Failed to open the debug probe.

Caused by:
    0: An error which is specific to the debug probe in use occurred.
    1: Error handling CMSIS-DAP command Info.
    2: Error in the USB access.
error: Recipe `attach` failed on line 38 with exit code 1
[reattach] attach exited, retrying in 2s...
[reattach] --- attempt #12 at 2026-08-08 15:18:24 ---
probe-rs attach --chip RP2350 target/thumbv8m.main-none-eabihf/release/pico_messenger
[33m WARN[0m [2mprobe_rs::config::registry[0m[2m:[0m Matching RP2350 based on wildcard. Consider specifying the chip as RP235x instead.
Error: Failed to open probe: Failed to open the debug probe.

Caused by:
    0: An error which is specific to the debug probe in use occurred.
    1: Error handling CMSIS-DAP command Info.
    2: Error in the USB access.
error: Recipe `attach` failed on line 38 with exit code 1
[reattach] attach exited, retrying in 2s...
[reattach] --- attempt #13 at 2026-08-08 15:18:26 ---
probe-rs attach --chip RP2350 target/thumbv8m.main-none-eabihf/release/pico_messenger
[33m WARN[0m [2mprobe_rs::config::registry[0m[2m:[0m Matching RP2350 based on wildcard. Consider specifying the chip as RP235x instead.
Error: Failed to open probe: Failed to open the debug probe.

Caused by:
    0: An error which is specific to the debug probe in use occurred.
    1: Error handling CMSIS-DAP command Info.
    2: Error in the USB access.
error: Recipe `attach` failed on line 38 with exit code 1
[reattach] attach exited, retrying in 2s...
[reattach] --- attempt #14 at 2026-08-08 15:18:28 ---
probe-rs attach --chip RP2350 target/thumbv8m.main-none-eabihf/release/pico_messenger
[33m WARN[0m [2mprobe_rs::config::registry[0m[2m:[0m Matching RP2350 based on wildcard. Consider specifying the chip as RP235x instead.
Error: Failed to open probe: Failed to open the debug probe.

Caused by:
    0: An error which is specific to the debug probe in use occurred.
    1: Error handling CMSIS-DAP command Info.
    2: Error in the USB access.
error: Recipe `attach` failed on line 38 with exit code 1
[reattach] attach exited, retrying in 2s...
[reattach] --- attempt #15 at 2026-08-08 15:18:30 ---
probe-rs attach --chip RP2350 target/thumbv8m.main-none-eabihf/release/pico_messenger
[33m WARN[0m [2mprobe_rs::config::registry[0m[2m:[0m Matching RP2350 based on wildcard. Consider specifying the chip as RP235x instead.
Error: Failed to open probe: Failed to open the debug probe.

Caused by:
    0: An error which is specific to the debug probe in use occurred.
    1: Error handling CMSIS-DAP command Info.
    2: Error in the USB access.
error: Recipe `attach` failed on line 38 with exit code 1
[reattach] attach exited, retrying in 2s...
[reattach] --- attempt #16 at 2026-08-08 15:18:32 ---
probe-rs attach --chip RP2350 target/thumbv8m.main-none-eabihf/release/pico_messenger
[33m WARN[0m [2mprobe_rs::config::registry[0m[2m:[0m Matching RP2350 based on wildcard. Consider specifying the chip as RP235x instead.
Error: Failed to open probe: Failed to open the debug probe.

Caused by:
    0: An error which is specific to the debug probe in use occurred.
    1: Error handling CMSIS-DAP command Info.
    2: Error in the USB access.
error: Recipe `attach` failed on line 38 with exit code 1
[reattach] attach exited, retrying in 2s...
[reattach] --- attempt #17 at 2026-08-08 15:18:34 ---
probe-rs attach --chip RP2350 target/thumbv8m.main-none-eabihf/release/pico_messenger
[33m WARN[0m [2mprobe_rs::config::registry[0m[2m:[0m Matching RP2350 based on wildcard. Consider specifying the chip as RP235x instead.
Error: Failed to open probe: Failed to open the debug probe.

Caused by:
    0: An error which is specific to the debug probe in use occurred.
    1: Error handling CMSIS-DAP command Info.
    2: Error in the USB access.
error: Recipe `attach` failed on line 38 with exit code 1
[reattach] attach exited, retrying in 2s...
[reattach] --- attempt #18 at 2026-08-08 15:18:36 ---
probe-rs attach --chip RP2350 target/thumbv8m.main-none-eabihf/release/pico_messenger
[33m WARN[0m [2mprobe_rs::config::registry[0m[2m:[0m Matching RP2350 based on wildcard. Consider specifying the chip as RP235x instead.
Error: Failed to open probe: Failed to open the debug probe.

Caused by:
    0: An error which is specific to the debug probe in use occurred.
    1: Error handling CMSIS-DAP command Info.
    2: Error in the USB access.
error: Recipe `attach` failed on line 38 with exit code 1
[reattach] attach exited, retrying in 2s...
[reattach] --- attempt #19 at 2026-08-08 15:18:38 ---
probe-rs attach --chip RP2350 target/thumbv8m.main-none-eabihf/release/pico_messenger
[33m WARN[0m [2mprobe_rs::config::registry[0m[2m:[0m Matching RP2350 based on wildcard. Consider specifying the chip as RP235x instead.
Error: Failed to open probe: Failed to open the debug probe.

Caused by:
    0: An error which is specific to the debug probe in use occurred.
    1: Error handling CMSIS-DAP command Info.
    2: Error in the USB access.
error: Recipe `attach` failed on line 38 with exit code 1
[reattach] attach exited, retrying in 2s...
[reattach] --- attempt #20 at 2026-08-08 15:18:40 ---
probe-rs attach --chip RP2350 target/thumbv8m.main-none-eabihf/release/pico_messenger
[33m WARN[0m [2mprobe_rs::config::registry[0m[2m:[0m Matching RP2350 based on wildcard. Consider specifying the chip as RP235x instead.
Error: Failed to open probe: Failed to open the debug probe.

Caused by:
    0: An error which is specific to the debug probe in use occurred.
    1: Error handling CMSIS-DAP command Info.
    2: Error in the USB access.
error: Recipe `attach` failed on line 38 with exit code 1
[reattach] attach exited, retrying in 2s...
[reattach] --- attempt #21 at 2026-08-08 15:18:42 ---
probe-rs attach --chip RP2350 target/thumbv8m.main-none-eabihf/release/pico_messenger
[33m WARN[0m [2mprobe_rs::config::registry[0m[2m:[0m Matching RP2350 based on wildcard. Consider specifying the chip as RP235x instead.
Error: Failed to open probe: Failed to open the debug probe.

Caused by:
    0: An error which is specific to the debug probe in use occurred.
    1: Error handling CMSIS-DAP command Info.
    2: Error in the USB access.
error: Recipe `attach` failed on line 38 with exit code 1
[reattach] attach exited, retrying in 2s...
[reattach] --- attempt #22 at 2026-08-08 15:18:44 ---
probe-rs attach --chip RP2350 target/thumbv8m.main-none-eabihf/release/pico_messenger
[33m WARN[0m [2mprobe_rs::config::registry[0m[2m:[0m Matching RP2350 based on wildcard. Consider specifying the chip as RP235x instead.
Error: Failed to open probe: Failed to open the debug probe.

Caused by:
    0: An error which is specific to the debug probe in use occurred.
    1: Error handling CMSIS-DAP command Info.
    2: Error in the USB access.
error: Recipe `attach` failed on line 38 with exit code 1
[reattach] attach exited, retrying in 2s...
[reattach] --- attempt #23 at 2026-08-08 15:18:47 ---
probe-rs attach --chip RP2350 target/thumbv8m.main-none-eabihf/release/pico_messenger
[33m WARN[0m [2mprobe_rs::config::registry[0m[2m:[0m Matching RP2350 based on wildcard. Consider specifying the chip as RP235x instead.
Error: Failed to open probe: Failed to open the debug probe.

Caused by:
    0: An error which is specific to the debug probe in use occurred.
    1: Error handling CMSIS-DAP command Info.
    2: Error in the USB access.
error: Recipe `attach` failed on line 38 with exit code 1
[reattach] attach exited, retrying in 2s...
[reattach] --- attempt #24 at 2026-08-08 15:18:49 ---
probe-rs attach --chip RP2350 target/thumbv8m.main-none-eabihf/release/pico_messenger
[33m WARN[0m [2mprobe_rs::config::registry[0m[2m:[0m Matching RP2350 based on wildcard. Consider specifying the chip as RP235x instead.
Error: Failed to open probe: Failed to open the debug probe.

Caused by:
    0: An error which is specific to the debug probe in use occurred.
    1: Error handling CMSIS-DAP command Info.
    2: Error in the USB access.
error: Recipe `attach` failed on line 38 with exit code 1
[reattach] attach exited, retrying in 2s...
[reattach] --- attempt #25 at 2026-08-08 15:18:51 ---
probe-rs attach --chip RP2350 target/thumbv8m.main-none-eabihf/release/pico_messenger
[33m WARN[0m [2mprobe_rs::config::registry[0m[2m:[0m Matching RP2350 based on wildcard. Consider specifying the chip as RP235x instead.
Error: Failed to open probe: Failed to open the debug probe.

Caused by:
    0: An error which is specific to the debug probe in use occurred.
    1: Error handling CMSIS-DAP command Info.
    2: Error in the USB access.
error: Recipe `attach` failed on line 38 with exit code 1
[reattach] attach exited, retrying in 2s...
[reattach] --- attempt #26 at 2026-08-08 15:20:10 ---
probe-rs attach --chip RP2350 target/thumbv8m.main-none-eabihf/release/pico_messenger
[33m WARN[0m [2mprobe_rs::config::registry[0m[2m:[0m Matching RP2350 based on wildcard. Consider specifying the chip as RP235x instead.
Error: Failed to open probe: Failed to open the debug probe.

Caused by:
    0: An error which is specific to the debug probe in use occurred.
    1: Error handling CMSIS-DAP command Info.
    2: Error in the USB access.
error: Recipe `attach` failed on line 38 with exit code 1
[reattach] attach exited, retrying in 2s...
[reattach] --- attempt #27 at 2026-08-08 15:20:12 ---
probe-rs attach --chip RP2350 target/thumbv8m.main-none-eabihf/release/pico_messenger
[33m WARN[0m [2mprobe_rs::config::registry[0m[2m:[0m Matching RP2350 based on wildcard. Consider specifying the chip as RP235x instead.
Error: Failed to open probe: Failed to open the debug probe.

Caused by:
    0: An error which is specific to the debug probe in use occurred.
    1: Error handling CMSIS-DAP command Info.
    2: Error in the USB access.
error: Recipe `attach` failed on line 38 with exit code 1
[reattach] attach exited, retrying in 2s...
[reattach] --- attempt #28 at 2026-08-08 15:20:14 ---
probe-rs attach --chip RP2350 target/thumbv8m.main-none-eabihf/release/pico_messenger
[33m WARN[0m [2mprobe_rs::config::registry[0m[2m:[0m Matching RP2350 based on wildcard. Consider specifying the chip as RP235x instead.
Error: Failed to open probe: Failed to open the debug probe.

Caused by:
    0: An error which is specific to the debug probe in use occurred.
    1: Error handling CMSIS-DAP command Info.
    2: Error in the USB access.
error: Recipe `attach` failed on line 38 with exit code 1
[reattach] attach exited, retrying in 2s...
[reattach] --- attempt #29 at 2026-08-08 15:20:16 ---
probe-rs attach --chip RP2350 target/thumbv8m.main-none-eabihf/release/pico_messenger
[33m WARN[0m [2mprobe_rs::config::registry[0m[2m:[0m Matching RP2350 based on wildcard. Consider specifying the chip as RP235x instead.
Error: Failed to open probe: Failed to open the debug probe.

Caused by:
    0: An error which is specific to the debug probe in use occurred.
    1: Error handling CMSIS-DAP command Info.
    2: Error in the USB access.
error: Recipe `attach` failed on line 38 with exit code 1
[reattach] attach exited, retrying in 2s...
[reattach] --- attempt #30 at 2026-08-08 15:20:19 ---
probe-rs attach --chip RP2350 target/thumbv8m.main-none-eabihf/release/pico_messenger
[33m WARN[0m [2mprobe_rs::config::registry[0m[2m:[0m Matching RP2350 based on wildcard. Consider specifying the chip as RP235x instead.
Error: Failed to open probe: Failed to open the debug probe.

Caused by:
    0: An error which is specific to the debug probe in use occurred.
    1: Error handling CMSIS-DAP command Info.
    2: Error in the USB access.
error: Recipe `attach` failed on line 38 with exit code 1
[reattach] attach exited, retrying in 2s...
[reattach] --- attempt #31 at 2026-08-08 15:20:21 ---
probe-rs attach --chip RP2350 target/thumbv8m.main-none-eabihf/release/pico_messenger
[33m WARN[0m [2mprobe_rs::config::registry[0m[2m:[0m Matching RP2350 based on wildcard. Consider specifying the chip as RP235x instead.
Error: Failed to open probe: Failed to open the debug probe.

Caused by:
    0: An error which is specific to the debug probe in use occurred.
    1: Error handling CMSIS-DAP command Info.
    2: Error in the USB access.
error: Recipe `attach` failed on line 38 with exit code 1
[reattach] attach exited, retrying in 2s...
[reattach] --- attempt #32 at 2026-08-08 15:20:23 ---
probe-rs attach --chip RP2350 target/thumbv8m.main-none-eabihf/release/pico_messenger
[33m WARN[0m [2mprobe_rs::config::registry[0m[2m:[0m Matching RP2350 based on wildcard. Consider specifying the chip as RP235x instead.
Error: Failed to open probe: Failed to open the debug probe.

Caused by:
    0: An error which is specific to the debug probe in use occurred.
    1: Error handling CMSIS-DAP command Info.
    2: Error in the USB access.
error: Recipe `attach` failed on line 38 with exit code 1
[reattach] attach exited, retrying in 2s...
[reattach] --- attempt #33 at 2026-08-08 15:20:25 ---
probe-rs attach --chip RP2350 target/thumbv8m.main-none-eabihf/release/pico_messenger
[33m WARN[0m [2mprobe_rs::config::registry[0m[2m:[0m Matching RP2350 based on wildcard. Consider specifying the chip as RP235x instead.
Error: Failed to open probe: Failed to open the debug probe.

Caused by:
    0: An error which is specific to the debug probe in use occurred.
    1: Error handling CMSIS-DAP command Info.
    2: Error in the USB access.
error: Recipe `attach` failed on line 38 with exit code 1
[reattach] attach exited, retrying in 2s...
[reattach] --- attempt #34 at 2026-08-08 15:20:27 ---
probe-rs attach --chip RP2350 target/thumbv8m.main-none-eabihf/release/pico_messenger
[33m WARN[0m [2mprobe_rs::config::registry[0m[2m:[0m Matching RP2350 based on wildcard. Consider specifying the chip as RP235x instead.
Error: Failed to open probe: Failed to open the debug probe.

Caused by:
    0: An error which is specific to the debug probe in use occurred.
    1: Error handling CMSIS-DAP command Info.
    2: Error in the USB access.
error: Recipe `attach` failed on line 38 with exit code 1
[reattach] attach exited, retrying in 2s...
[reattach] --- attempt #35 at 2026-08-08 15:20:29 ---
probe-rs attach --chip RP2350 target/thumbv8m.main-none-eabihf/release/pico_messenger
[33m WARN[0m [2mprobe_rs::config::registry[0m[2m:[0m Matching RP2350 based on wildcard. Consider specifying the chip as RP235x instead.
Error: Failed to open probe: Failed to open the debug probe.

Caused by:
    0: An error which is specific to the debug probe in use occurred.
    1: Error handling CMSIS-DAP command Info.
    2: Error in the USB access.
error: Recipe `attach` failed on line 38 with exit code 1
[reattach] attach exited, retrying in 2s...
[reattach] --- attempt #36 at 2026-08-08 15:20:31 ---
probe-rs attach --chip RP2350 target/thumbv8m.main-none-eabihf/release/pico_messenger
[33m WARN[0m [2mprobe_rs::config::registry[0m[2m:[0m Matching RP2350 based on wildcard. Consider specifying the chip as RP235x instead.
Error: Failed to open probe: Failed to open the debug probe.

Caused by:
    0: An error which is specific to the debug probe in use occurred.
    1: Error handling CMSIS-DAP command Info.
    2: Error in the USB access.
error: Recipe `attach` failed on line 38 with exit code 1
[reattach] attach exited, retrying in 2s...
[reattach] --- attempt #37 at 2026-08-08 15:20:33 ---
probe-rs attach --chip RP2350 target/thumbv8m.main-none-eabihf/release/pico_messenger
[33m WARN[0m [2mprobe_rs::config::registry[0m[2m:[0m Matching RP2350 based on wildcard. Consider specifying the chip as RP235x instead.
Error: Failed to open probe: Failed to open the debug probe.

Caused by:
    0: An error which is specific to the debug probe in use occurred.
    1: Error handling CMSIS-DAP command Info.
    2: Error in the USB access.
error: Recipe `attach` failed on line 38 with exit code 1
[reattach] attach exited, retrying in 2s...
[reattach] --- attempt #38 at 2026-08-08 15:20:35 ---
probe-rs attach --chip RP2350 target/thumbv8m.main-none-eabihf/release/pico_messenger
[33m WARN[0m [2mprobe_rs::config::registry[0m[2m:[0m Matching RP2350 based on wildcard. Consider specifying the chip as RP235x instead.
Error: Failed to open probe: Failed to open the debug probe.

Caused by:
    0: An error which is specific to the debug probe in use occurred.
    1: Error handling CMSIS-DAP command Info.
    2: Error in the USB access.
error: Recipe `attach` failed on line 38 with exit code 1
[reattach] attach exited, retrying in 2s...
[reattach] --- attempt #39 at 2026-08-08 15:20:37 ---
probe-rs attach --chip RP2350 target/thumbv8m.main-none-eabihf/release/pico_messenger
[33m WARN[0m [2mprobe_rs::config::registry[0m[2m:[0m Matching RP2350 based on wildcard. Consider specifying the chip as RP235x instead.
Error: Failed to open probe: Failed to open the debug probe.

Caused by:
    0: An error which is specific to the debug probe in use occurred.
    1: Error handling CMSIS-DAP command Info.
    2: Error in the USB access.
error: Recipe `attach` failed on line 38 with exit code 1
[reattach] attach exited, retrying in 2s...
[reattach] --- attempt #40 at 2026-08-08 15:20:39 ---
probe-rs attach --chip RP2350 target/thumbv8m.main-none-eabihf/release/pico_messenger
[33m WARN[0m [2mprobe_rs::config::registry[0m[2m:[0m Matching RP2350 based on wildcard. Consider specifying the chip as RP235x instead.
Error: Failed to open probe: Failed to open the debug probe.

Caused by:
    0: An error which is specific to the debug probe in use occurred.
    1: Error handling CMSIS-DAP command Info.
    2: Error in the USB access.
error: Recipe `attach` failed on line 38 with exit code 1
[reattach] attach exited, retrying in 2s...
[reattach] --- attempt #41 at 2026-08-08 15:20:41 ---
probe-rs attach --chip RP2350 target/thumbv8m.main-none-eabihf/release/pico_messenger
[33m WARN[0m [2mprobe_rs::config::registry[0m[2m:[0m Matching RP2350 based on wildcard. Consider specifying the chip as RP235x instead.
Error: Failed to open probe: Failed to open the debug probe.

Caused by:
    0: An error which is specific to the debug probe in use occurred.
    1: Error handling CMSIS-DAP command Info.
    2: Error in the USB access.
error: Recipe `attach` failed on line 38 with exit code 1
[reattach] attach exited, retrying in 2s...
[reattach] --- attempt #42 at 2026-08-08 15:20:43 ---
probe-rs attach --chip RP2350 target/thumbv8m.main-none-eabihf/release/pico_messenger
[33m WARN[0m [2mprobe_rs::config::registry[0m[2m:[0m Matching RP2350 based on wildcard. Consider specifying the chip as RP235x instead.
Error: Failed to open probe: Failed to open the debug probe.

Caused by:
    0: An error which is specific to the debug probe in use occurred.
    1: Error handling CMSIS-DAP command Info.
    2: Error in the USB access.
error: Recipe `attach` failed on line 38 with exit code 1
[reattach] attach exited, retrying in 2s...
[reattach] --- attempt #43 at 2026-08-08 15:20:45 ---
probe-rs attach --chip RP2350 target/thumbv8m.main-none-eabihf/release/pico_messenger
[33m WARN[0m [2mprobe_rs::config::registry[0m[2m:[0m Matching RP2350 based on wildcard. Consider specifying the chip as RP235x instead.
Error: Failed to open probe: Failed to open the debug probe.

Caused by:
    0: An error which is specific to the debug probe in use occurred.
    1: Error handling CMSIS-DAP command Info.
    2: Error in the USB access.
error: Recipe `attach` failed on line 38 with exit code 1
[reattach] attach exited, retrying in 2s...
[reattach] --- attempt #44 at 2026-08-08 15:20:47 ---
probe-rs attach --chip RP2350 target/thumbv8m.main-none-eabihf/release/pico_messenger
[33m WARN[0m [2mprobe_rs::config::registry[0m[2m:[0m Matching RP2350 based on wildcard. Consider specifying the chip as RP235x instead.
Error: Failed to open probe: Failed to open the debug probe.

Caused by:
    0: An error which is specific to the debug probe in use occurred.
    1: Error handling CMSIS-DAP command Info.
    2: Error in the USB access.
error: Recipe `attach` failed on line 38 with exit code 1
[reattach] attach exited, retrying in 2s...
[reattach] --- attempt #45 at 2026-08-08 15:20:50 ---
probe-rs attach --chip RP2350 target/thumbv8m.main-none-eabihf/release/pico_messenger
[33m WARN[0m [2mprobe_rs::config::registry[0m[2m:[0m Matching RP2350 based on wildcard. Consider specifying the chip as RP235x instead.
Error: Failed to open probe: Failed to open the debug probe.

Caused by:
    0: An error which is specific to the debug probe in use occurred.
    1: Error handling CMSIS-DAP command Info.
    2: Error in the USB access.
error: Recipe `attach` failed on line 38 with exit code 1
[reattach] attach exited, retrying in 2s...
[reattach] --- attempt #46 at 2026-08-08 15:20:52 ---
probe-rs attach --chip RP2350 target/thumbv8m.main-none-eabihf/release/pico_messenger
[33m WARN[0m [2mprobe_rs::config::registry[0m[2m:[0m Matching RP2350 based on wildcard. Consider specifying the chip as RP235x instead.
Error: Failed to open probe: Failed to open the debug probe.

Caused by:
    0: An error which is specific to the debug probe in use occurred.
    1: Error handling CMSIS-DAP command Info.
    2: Error in the USB access.
error: Recipe `attach` failed on line 38 with exit code 1
[reattach] attach exited, retrying in 2s...
[reattach] --- attempt #47 at 2026-08-08 15:20:54 ---
probe-rs attach --chip RP2350 target/thumbv8m.main-none-eabihf/release/pico_messenger
[33m WARN[0m [2mprobe_rs::config::registry[0m[2m:[0m Matching RP2350 based on wildcard. Consider specifying the chip as RP235x instead.
Error: Failed to open probe: Failed to open the debug probe.

Caused by:
    0: An error which is specific to the debug probe in use occurred.
    1: Error handling CMSIS-DAP command Info.
    2: Error in the USB access.
error: Recipe `attach` failed on line 38 with exit code 1
[reattach] attach exited, retrying in 2s...
[reattach] --- attempt #48 at 2026-08-08 15:20:56 ---
probe-rs attach --chip RP2350 target/thumbv8m.main-none-eabihf/release/pico_messenger
[33m WARN[0m [2mprobe_rs::config::registry[0m[2m:[0m Matching RP2350 based on wildcard. Consider specifying the chip as RP235x instead.
Error: Failed to open probe: Failed to open the debug probe.

Caused by:
    0: An error which is specific to the debug probe in use occurred.
    1: Error handling CMSIS-DAP command Info.
    2: Error in the USB access.
error: Recipe `attach` failed on line 38 with exit code 1
[reattach] attach exited, retrying in 2s...
[reattach] --- attempt #49 at 2026-08-08 15:20:58 ---
probe-rs attach --chip RP2350 target/thumbv8m.main-none-eabihf/release/pico_messenger
[33m WARN[0m [2mprobe_rs::config::registry[0m[2m:[0m Matching RP2350 based on wildcard. Consider specifying the chip as RP235x instead.
Error: Failed to open probe: Failed to open the debug probe.

Caused by:
    0: An error which is specific to the debug probe in use occurred.
    1: Error handling CMSIS-DAP command Info.
    2: Error in the USB access.
error: Recipe `attach` failed on line 38 with exit code 1
[reattach] attach exited, retrying in 2s...
[reattach] --- attempt #50 at 2026-08-08 15:36:13 ---
probe-rs attach --chip RP2350 target/thumbv8m.main-none-eabihf/release/pico_messenger
[33m WARN[0m [2mprobe_rs::config::registry[0m[2m:[0m Matching RP2350 based on wildcard. Consider specifying the chip as RP235x instead.
Error: Failed to open probe: Failed to open the debug probe.

Caused by:
    0: An error which is specific to the debug probe in use occurred.
    1: Error handling CMSIS-DAP command Info.
    2: Error in the USB access.
error: Recipe `attach` failed on line 38 with exit code 1
[reattach] attach exited, retrying in 2s...
[reattach] --- attempt #51 at 2026-08-08 15:36:15 ---
probe-rs attach --chip RP2350 target/thumbv8m.main-none-eabihf/release/pico_messenger
[33m WARN[0m [2mprobe_rs::config::registry[0m[2m:[0m Matching RP2350 based on wildcard. Consider specifying the chip as RP235x instead.
Error: Failed to open probe: Failed to open the debug probe.

Caused by:
    0: An error which is specific to the debug probe in use occurred.
    1: Error handling CMSIS-DAP command Info.
    2: Error in the USB access.
error: Recipe `attach` failed on line 38 with exit code 1
[reattach] attach exited, retrying in 2s...
[reattach] --- attempt #52 at 2026-08-08 15:36:17 ---
probe-rs attach --chip RP2350 target/thumbv8m.main-none-eabihf/release/pico_messenger
[33m WARN[0m [2mprobe_rs::config::registry[0m[2m:[0m Matching RP2350 based on wildcard. Consider specifying the chip as RP235x instead.
Error: Failed to open probe: Failed to open the debug probe.

Caused by:
    0: An error which is specific to the debug probe in use occurred.
    1: Error handling CMSIS-DAP command Info.
    2: Error in the USB access.
error: Recipe `attach` failed on line 38 with exit code 1
[reattach] attach exited, retrying in 2s...
[reattach] --- attempt #53 at 2026-08-08 15:36:19 ---
probe-rs attach --chip RP2350 target/thumbv8m.main-none-eabihf/release/pico_messenger
[33m WARN[0m [2mprobe_rs::config::registry[0m[2m:[0m Matching RP2350 based on wildcard. Consider specifying the chip as RP235x instead.
Error: Failed to open probe: Failed to open the debug probe.

Caused by:
    0: An error which is specific to the debug probe in use occurred.
    1: Error handling CMSIS-DAP command Info.
    2: Error in the USB access.
error: Recipe `attach` failed on line 38 with exit code 1
[reattach] attach exited, retrying in 2s...
[reattach] --- attempt #54 at 2026-08-08 15:36:21 ---
probe-rs attach --chip RP2350 target/thumbv8m.main-none-eabihf/release/pico_messenger
[33m WARN[0m [2mprobe_rs::config::registry[0m[2m:[0m Matching RP2350 based on wildcard. Consider specifying the chip as RP235x instead.
Error: Failed to open probe: Failed to open the debug probe.

Caused by:
    0: An error which is specific to the debug probe in use occurred.
    1: Error handling CMSIS-DAP command Info.
    2: Error in the USB access.
error: Recipe `attach` failed on line 38 with exit code 1
[reattach] attach exited, retrying in 2s...
[reattach] --- attempt #55 at 2026-08-08 15:36:23 ---
probe-rs attach --chip RP2350 target/thumbv8m.main-none-eabihf/release/pico_messenger
[33m WARN[0m [2mprobe_rs::config::registry[0m[2m:[0m Matching RP2350 based on wildcard. Consider specifying the chip as RP235x instead.
Error: Failed to open probe: Failed to open the debug probe.

Caused by:
    0: An error which is specific to the debug probe in use occurred.
    1: Error handling CMSIS-DAP command Info.
    2: Error in the USB access.
error: Recipe `attach` failed on line 38 with exit code 1
[reattach] attach exited, retrying in 2s...
[reattach] --- attempt #56 at 2026-08-08 15:36:25 ---
probe-rs attach --chip RP2350 target/thumbv8m.main-none-eabihf/release/pico_messenger
[33m WARN[0m [2mprobe_rs::config::registry[0m[2m:[0m Matching RP2350 based on wildcard. Consider specifying the chip as RP235x instead.
Error: Failed to open probe: Failed to open the debug probe.

Caused by:
    0: An error which is specific to the debug probe in use occurred.
    1: Error handling CMSIS-DAP command Info.
    2: Error in the USB access.
error: Recipe `attach` failed on line 38 with exit code 1
[reattach] attach exited, retrying in 2s...
[reattach] --- attempt #57 at 2026-08-08 15:36:27 ---
probe-rs attach --chip RP2350 target/thumbv8m.main-none-eabihf/release/pico_messenger
[33m WARN[0m [2mprobe_rs::config::registry[0m[2m:[0m Matching RP2350 based on wildcard. Consider specifying the chip as RP235x instead.
Error: Failed to open probe: Failed to open the debug probe.

Caused by:
    0: An error which is specific to the debug probe in use occurred.
    1: Error handling CMSIS-DAP command Info.
    2: Error in the USB access.
error: Recipe `attach` failed on line 38 with exit code 1
[reattach] attach exited, retrying in 2s...
[reattach] --- attempt #58 at 2026-08-08 15:36:29 ---
probe-rs attach --chip RP2350 target/thumbv8m.main-none-eabihf/release/pico_messenger
[33m WARN[0m [2mprobe_rs::config::registry[0m[2m:[0m Matching RP2350 based on wildcard. Consider specifying the chip as RP235x instead.
Error: Failed to open probe: Failed to open the debug probe.

Caused by:
    0: An error which is specific to the debug probe in use occurred.
    1: Error handling CMSIS-DAP command Info.
    2: Error in the USB access.
error: Recipe `attach` failed on line 38 with exit code 1
[reattach] attach exited, retrying in 2s...
[reattach] --- attempt #59 at 2026-08-08 15:36:31 ---
probe-rs attach --chip RP2350 target/thumbv8m.main-none-eabihf/release/pico_messenger
[33m WARN[0m [2mprobe_rs::config::registry[0m[2m:[0m Matching RP2350 based on wildcard. Consider specifying the chip as RP235x instead.
Error: Failed to open probe: Failed to open the debug probe.

Caused by:
    0: An error which is specific to the debug probe in use occurred.
    1: Error handling CMSIS-DAP command Info.
    2: Error in the USB access.
error: Recipe `attach` failed on line 38 with exit code 1
[reattach] attach exited, retrying in 2s...
[reattach] --- attempt #60 at 2026-08-08 15:36:34 ---
probe-rs attach --chip RP2350 target/thumbv8m.main-none-eabihf/release/pico_messenger
[33m WARN[0m [2mprobe_rs::config::registry[0m[2m:[0m Matching RP2350 based on wildcard. Consider specifying the chip as RP235x instead.
Error: Failed to open probe: Failed to open the debug probe.

Caused by:
    0: An error which is specific to the debug probe in use occurred.
    1: Error handling CMSIS-DAP command Info.
    2: Error in the USB access.
error: Recipe `attach` failed on line 38 with exit code 1
[reattach] attach exited, retrying in 2s...
[reattach] --- attempt #61 at 2026-08-08 15:36:36 ---
probe-rs attach --chip RP2350 target/thumbv8m.main-none-eabihf/release/pico_messenger
[33m WARN[0m [2mprobe_rs::config::registry[0m[2m:[0m Matching RP2350 based on wildcard. Consider specifying the chip as RP235x instead.
Error: Failed to open probe: Failed to open the debug probe.

Caused by:
    0: An error which is specific to the debug probe in use occurred.
    1: Error handling CMSIS-DAP command Info.
    2: Error in the USB access.
error: Recipe `attach` failed on line 38 with exit code 1
[reattach] attach exited, retrying in 2s...
[reattach] --- attempt #62 at 2026-08-08 15:36:38 ---
probe-rs attach --chip RP2350 target/thumbv8m.main-none-eabihf/release/pico_messenger
[33m WARN[0m [2mprobe_rs::config::registry[0m[2m:[0m Matching RP2350 based on wildcard. Consider specifying the chip as RP235x instead.
Error: Failed to open probe: Failed to open the debug probe.

Caused by:
    0: An error which is specific to the debug probe in use occurred.
    1: Error handling CMSIS-DAP command Info.
    2: Error in the USB access.
error: Recipe `attach` failed on line 38 with exit code 1
[reattach] attach exited, retrying in 2s...
[reattach] --- attempt #63 at 2026-08-08 15:36:40 ---
probe-rs attach --chip RP2350 target/thumbv8m.main-none-eabihf/release/pico_messenger
[33m WARN[0m [2mprobe_rs::config::registry[0m[2m:[0m Matching RP2350 based on wildcard. Consider specifying the chip as RP235x instead.
Error: Failed to open probe: Failed to open the debug probe.

Caused by:
    0: An error which is specific to the debug probe in use occurred.
    1: Error handling CMSIS-DAP command Info.
    2: Error in the USB access.
error: Recipe `attach` failed on line 38 with exit code 1
[reattach] attach exited, retrying in 2s...
[reattach] --- attempt #64 at 2026-08-08 15:36:42 ---
probe-rs attach --chip RP2350 target/thumbv8m.main-none-eabihf/release/pico_messenger
[33m WARN[0m [2mprobe_rs::config::registry[0m[2m:[0m Matching RP2350 based on wildcard. Consider specifying the chip as RP235x instead.
Error: Failed to open probe: Failed to open the debug probe.

Caused by:
    0: An error which is specific to the debug probe in use occurred.
    1: Error handling CMSIS-DAP command Info.
    2: Error in the USB access.
error: Recipe `attach` failed on line 38 with exit code 1
[reattach] attach exited, retrying in 2s...
[reattach] --- attempt #65 at 2026-08-08 15:36:44 ---
probe-rs attach --chip RP2350 target/thumbv8m.main-none-eabihf/release/pico_messenger
[33m WARN[0m [2mprobe_rs::config::registry[0m[2m:[0m Matching RP2350 based on wildcard. Consider specifying the chip as RP235x instead.
Error: Failed to open probe: Failed to open the debug probe.

Caused by:
    0: An error which is specific to the debug probe in use occurred.
    1: Error handling CMSIS-DAP command Info.
    2: Error in the USB access.
error: Recipe `attach` failed on line 38 with exit code 1
[reattach] attach exited, retrying in 2s...
[reattach] --- attempt #66 at 2026-08-08 15:36:46 ---
probe-rs attach --chip RP2350 target/thumbv8m.main-none-eabihf/release/pico_messenger
[33m WARN[0m [2mprobe_rs::config::registry[0m[2m:[0m Matching RP2350 based on wildcard. Consider specifying the chip as RP235x instead.
Error: Failed to open probe: Failed to open the debug probe.

Caused by:
    0: An error which is specific to the debug probe in use occurred.
    1: Error handling CMSIS-DAP command Info.
    2: Error in the USB access.
error: Recipe `attach` failed on line 38 with exit code 1
[reattach] attach exited, retrying in 2s...
[reattach] --- attempt #67 at 2026-08-08 15:36:48 ---
probe-rs attach --chip RP2350 target/thumbv8m.main-none-eabihf/release/pico_messenger
[33m WARN[0m [2mprobe_rs::config::registry[0m[2m:[0m Matching RP2350 based on wildcard. Consider specifying the chip as RP235x instead.
Error: Failed to open probe: Failed to open the debug probe.

Caused by:
    0: An error which is specific to the debug probe in use occurred.
    1: Error handling CMSIS-DAP command Info.
    2: Error in the USB access.
error: Recipe `attach` failed on line 38 with exit code 1
[reattach] attach exited, retrying in 2s...
[reattach] --- attempt #68 at 2026-08-08 15:36:50 ---
probe-rs attach --chip RP2350 target/thumbv8m.main-none-eabihf/release/pico_messenger
[33m WARN[0m [2mprobe_rs::config::registry[0m[2m:[0m Matching RP2350 based on wildcard. Consider specifying the chip as RP235x instead.
Error: Failed to open probe: Failed to open the debug probe.

Caused by:
    0: An error which is specific to the debug probe in use occurred.
    1: Error handling CMSIS-DAP command Info.
    2: Error in the USB access.
error: Recipe `attach` failed on line 38 with exit code 1
[reattach] attach exited, retrying in 2s...
[reattach] --- attempt #69 at 2026-08-08 15:36:52 ---
probe-rs attach --chip RP2350 target/thumbv8m.main-none-eabihf/release/pico_messenger
[33m WARN[0m [2mprobe_rs::config::registry[0m[2m:[0m Matching RP2350 based on wildcard. Consider specifying the chip as RP235x instead.
Error: Failed to open probe: Failed to open the debug probe.

Caused by:
    0: An error which is specific to the debug probe in use occurred.
    1: Error handling CMSIS-DAP command Info.
    2: Error in the USB access.
error: Recipe `attach` failed on line 38 with exit code 1
[reattach] attach exited, retrying in 2s...
[reattach] --- attempt #70 at 2026-08-08 15:36:54 ---
probe-rs attach --chip RP2350 target/thumbv8m.main-none-eabihf/release/pico_messenger
[33m WARN[0m [2mprobe_rs::config::registry[0m[2m:[0m Matching RP2350 based on wildcard. Consider specifying the chip as RP235x instead.
Error: Failed to open probe: Failed to open the debug probe.

Caused by:
    0: An error which is specific to the debug probe in use occurred.
    1: Error handling CMSIS-DAP command Info.
    2: Error in the USB access.
error: Recipe `attach` failed on line 38 with exit code 1
[reattach] attach exited, retrying in 2s...
[reattach] --- attempt #71 at 2026-08-08 15:36:56 ---
probe-rs attach --chip RP2350 target/thumbv8m.main-none-eabihf/release/pico_messenger
[33m WARN[0m [2mprobe_rs::config::registry[0m[2m:[0m Matching RP2350 based on wildcard. Consider specifying the chip as RP235x instead.
Error: Failed to open probe: Failed to open the debug probe.

Caused by:
    0: An error which is specific to the debug probe in use occurred.
    1: Error handling CMSIS-DAP command Info.
    2: Error in the USB access.
error: Recipe `attach` failed on line 38 with exit code 1
[reattach] attach exited, retrying in 2s...
[reattach] --- attempt #72 at 2026-08-08 15:36:58 ---
probe-rs attach --chip RP2350 target/thumbv8m.main-none-eabihf/release/pico_messenger
[33m WARN[0m [2mprobe_rs::config::registry[0m[2m:[0m Matching RP2350 based on wildcard. Consider specifying the chip as RP235x instead.
Error: Failed to open probe: Failed to open the debug probe.

Caused by:
    0: An error which is specific to the debug probe in use occurred.
    1: Error handling CMSIS-DAP command Info.
    2: Error in the USB access.
error: Recipe `attach` failed on line 38 with exit code 1
[reattach] attach exited, retrying in 2s...
[reattach] --- attempt #73 at 2026-08-08 15:37:00 ---
probe-rs attach --chip RP2350 target/thumbv8m.main-none-eabihf/release/pico_messenger
[33m WARN[0m [2mprobe_rs::config::registry[0m[2m:[0m Matching RP2350 based on wildcard. Consider specifying the chip as RP235x instead.
Error: Failed to open probe: Failed to open the debug probe.

Caused by:
    0: An error which is specific to the debug probe in use occurred.
    1: Error handling CMSIS-DAP command Info.
    2: Error in the USB access.
error: Recipe `attach` failed on line 38 with exit code 1
[reattach] attach exited, retrying in 2s...
[reattach] --- attempt #74 at 2026-08-08 15:37:02 ---
probe-rs attach --chip RP2350 target/thumbv8m.main-none-eabihf/release/pico_messenger
[33m WARN[0m [2mprobe_rs::config::registry[0m[2m:[0m Matching RP2350 based on wildcard. Consider specifying the chip as RP235x instead.
Error: Failed to open probe: Failed to open the debug probe.

Caused by:
    0: An error which is specific to the debug probe in use occurred.
    1: Error handling CMSIS-DAP command Info.
    2: Error in the USB access.
error: Recipe `attach` failed on line 38 with exit code 1
[reattach] attach exited, retrying in 2s...
[reattach] --- attempt #75 at 2026-08-08 15:37:05 ---
probe-rs attach --chip RP2350 target/thumbv8m.main-none-eabihf/release/pico_messenger
[33m WARN[0m [2mprobe_rs::config::registry[0m[2m:[0m Matching RP2350 based on wildcard. Consider specifying the chip as RP235x instead.
Error: Failed to open probe: Failed to open the debug probe.

Caused by:
    0: An error which is specific to the debug probe in use occurred.
    1: Error handling CMSIS-DAP command Info.
    2: Error in the USB access.
error: Recipe `attach` failed on line 38 with exit code 1
[reattach] attach exited, retrying in 2s...
[reattach] --- attempt #76 at 2026-08-08 15:37:07 ---
probe-rs attach --chip RP2350 target/thumbv8m.main-none-eabihf/release/pico_messenger
[33m WARN[0m [2mprobe_rs::config::registry[0m[2m:[0m Matching RP2350 based on wildcard. Consider specifying the chip as RP235x instead.
Error: Failed to open probe: Failed to open the debug probe.

Caused by:
    0: An error which is specific to the debug probe in use occurred.
    1: Error handling CMSIS-DAP command Info.
    2: Error in the USB access.
error: Recipe `attach` failed on line 38 with exit code 1
[reattach] attach exited, retrying in 2s...
[reattach] --- attempt #77 at 2026-08-08 15:37:09 ---
probe-rs attach --chip RP2350 target/thumbv8m.main-none-eabihf/release/pico_messenger
[33m WARN[0m [2mprobe_rs::config::registry[0m[2m:[0m Matching RP2350 based on wildcard. Consider specifying the chip as RP235x instead.
Error: Failed to open probe: Failed to open the debug probe.

Caused by:
    0: An error which is specific to the debug probe in use occurred.
    1: Error handling CMSIS-DAP command Info.
    2: Error in the USB access.
error: Recipe `attach` failed on line 38 with exit code 1
[reattach] attach exited, retrying in 2s...
[reattach] --- attempt #78 at 2026-08-08 15:37:11 ---
probe-rs attach --chip RP2350 target/thumbv8m.main-none-eabihf/release/pico_messenger
[33m WARN[0m [2mprobe_rs::config::registry[0m[2m:[0m Matching RP2350 based on wildcard. Consider specifying the chip as RP235x instead.
Error: Failed to open probe: Failed to open the debug probe.

Caused by:
    0: An error which is specific to the debug probe in use occurred.
    1: Error handling CMSIS-DAP command Info.
    2: Error in the USB access.
error: Recipe `attach` failed on line 38 with exit code 1
[reattach] attach exited, retrying in 2s...
[reattach] --- attempt #79 at 2026-08-08 15:37:13 ---
probe-rs attach --chip RP2350 target/thumbv8m.main-none-eabihf/release/pico_messenger
[33m WARN[0m [2mprobe_rs::config::registry[0m[2m:[0m Matching RP2350 based on wildcard. Consider specifying the chip as RP235x instead.
Error: Failed to open probe: Failed to open the debug probe.

Caused by:
    0: An error which is specific to the debug probe in use occurred.
    1: Error handling CMSIS-DAP command Info.
    2: Error in the USB access.
error: Recipe `attach` failed on line 38 with exit code 1
[reattach] attach exited, retrying in 2s...
[reattach] --- attempt #80 at 2026-08-08 15:37:15 ---
probe-rs attach --chip RP2350 target/thumbv8m.main-none-eabihf/release/pico_messenger
[33m WARN[0m [2mprobe_rs::config::registry[0m[2m:[0m Matching RP2350 based on wildcard. Consider specifying the chip as RP235x instead.
Error: Failed to open probe: Failed to open the debug probe.

Caused by:
    0: An error which is specific to the debug probe in use occurred.
    1: Error handling CMSIS-DAP command Info.
    2: Error in the USB access.
error: Recipe `attach` failed on line 38 with exit code 1
[reattach] attach exited, retrying in 2s...
[reattach] --- attempt #81 at 2026-08-08 15:37:17 ---
probe-rs attach --chip RP2350 target/thumbv8m.main-none-eabihf/release/pico_messenger
[33m WARN[0m [2mprobe_rs::config::registry[0m[2m:[0m Matching RP2350 based on wildcard. Consider specifying the chip as RP235x instead.
Error: Failed to open probe: Failed to open the debug probe.

Caused by:
    0: An error which is specific to the debug probe in use occurred.
    1: Error handling CMSIS-DAP command Info.
    2: Error in the USB access.
error: Recipe `attach` failed on line 38 with exit code 1
[reattach] attach exited, retrying in 2s...
[reattach] --- attempt #82 at 2026-08-08 15:37:19 ---
probe-rs attach --chip RP2350 target/thumbv8m.main-none-eabihf/release/pico_messenger
[33m WARN[0m [2mprobe_rs::config::registry[0m[2m:[0m Matching RP2350 based on wildcard. Consider specifying the chip as RP235x instead.
Error: Failed to open probe: Failed to open the debug probe.

Caused by:
    0: An error which is specific to the debug probe in use occurred.
    1: Error handling CMSIS-DAP command Info.
    2: Error in the USB access.
error: Recipe `attach` failed on line 38 with exit code 1
[reattach] attach exited, retrying in 2s...
[reattach] --- attempt #83 at 2026-08-08 15:37:21 ---
probe-rs attach --chip RP2350 target/thumbv8m.main-none-eabihf/release/pico_messenger
[33m WARN[0m [2mprobe_rs::config::registry[0m[2m:[0m Matching RP2350 based on wildcard. Consider specifying the chip as RP235x instead.
Error: Failed to open probe: Failed to open the debug probe.

Caused by:
    0: An error which is specific to the debug probe in use occurred.
    1: Error handling CMSIS-DAP command Info.
    2: Error in the USB access.
error: Recipe `attach` failed on line 38 with exit code 1
[reattach] attach exited, retrying in 2s...
[reattach] --- attempt #84 at 2026-08-08 15:37:23 ---
probe-rs attach --chip RP2350 target/thumbv8m.main-none-eabihf/release/pico_messenger
[33m WARN[0m [2mprobe_rs::config::registry[0m[2m:[0m Matching RP2350 based on wildcard. Consider specifying the chip as RP235x instead.
Error: Failed to open probe: Failed to open the debug probe.

Caused by:
    0: An error which is specific to the debug probe in use occurred.
    1: Error handling CMSIS-DAP command Info.
    2: Error in the USB access.
error: Recipe `attach` failed on line 38 with exit code 1
[reattach] attach exited, retrying in 2s...
[reattach] --- attempt #85 at 2026-08-08 15:37:25 ---
probe-rs attach --chip RP2350 target/thumbv8m.main-none-eabihf/release/pico_messenger
[33m WARN[0m [2mprobe_rs::config::registry[0m[2m:[0m Matching RP2350 based on wildcard. Consider specifying the chip as RP235x instead.
Error: Failed to open probe: Failed to open the debug probe.

Caused by:
    0: An error which is specific to the debug probe in use occurred.
    1: Error handling CMSIS-DAP command Info.
    2: Error in the USB access.
error: Recipe `attach` failed on line 38 with exit code 1
[reattach] attach exited, retrying in 2s...
[reattach] --- attempt #86 at 2026-08-08 15:37:27 ---
probe-rs attach --chip RP2350 target/thumbv8m.main-none-eabihf/release/pico_messenger
[33m WARN[0m [2mprobe_rs::config::registry[0m[2m:[0m Matching RP2350 based on wildcard. Consider specifying the chip as RP235x instead.
Error: Failed to open probe: Failed to open the debug probe.

Caused by:
    0: An error which is specific to the debug probe in use occurred.
    1: Error handling CMSIS-DAP command Info.
    2: Error in the USB access.
error: Recipe `attach` failed on line 38 with exit code 1
[reattach] attach exited, retrying in 2s...
[reattach] --- attempt #87 at 2026-08-08 15:37:29 ---
probe-rs attach --chip RP2350 target/thumbv8m.main-none-eabihf/release/pico_messenger
[33m WARN[0m [2mprobe_rs::config::registry[0m[2m:[0m Matching RP2350 based on wildcard. Consider specifying the chip as RP235x instead.
Error: Failed to open probe: Failed to open the debug probe.

Caused by:
    0: An error which is specific to the debug probe in use occurred.
    1: Error handling CMSIS-DAP command Info.
    2: Error in the USB access.
error: Recipe `attach` failed on line 38 with exit code 1
[reattach] attach exited, retrying in 2s...
[reattach] --- attempt #88 at 2026-08-08 15:37:31 ---
probe-rs attach --chip RP2350 target/thumbv8m.main-none-eabihf/release/pico_messenger
[33m WARN[0m [2mprobe_rs::config::registry[0m[2m:[0m Matching RP2350 based on wildcard. Consider specifying the chip as RP235x instead.
Error: Failed to open probe: Failed to open the debug probe.

Caused by:
    0: An error which is specific to the debug probe in use occurred.
    1: Error handling CMSIS-DAP command Info.
    2: Error in the USB access.
error: Recipe `attach` failed on line 38 with exit code 1
[reattach] attach exited, retrying in 2s...
[reattach] --- attempt #89 at 2026-08-08 15:37:33 ---
probe-rs attach --chip RP2350 target/thumbv8m.main-none-eabihf/release/pico_messenger
[33m WARN[0m [2mprobe_rs::config::registry[0m[2m:[0m Matching RP2350 based on wildcard. Consider specifying the chip as RP235x instead.
Error: Failed to open probe: Failed to open the debug probe.

Caused by:
    0: An error which is specific to the debug probe in use occurred.
    1: Error handling CMSIS-DAP command Info.
    2: Error in the USB access.
error: Recipe `attach` failed on line 38 with exit code 1
[reattach] attach exited, retrying in 2s...
[reattach] --- attempt #90 at 2026-08-08 15:37:36 ---
probe-rs attach --chip RP2350 target/thumbv8m.main-none-eabihf/release/pico_messenger
[33m WARN[0m [2mprobe_rs::config::registry[0m[2m:[0m Matching RP2350 based on wildcard. Consider specifying the chip as RP235x instead.
Error: Failed to open probe: Failed to open the debug probe.

Caused by:
    0: An error which is specific to the debug probe in use occurred.
    1: Error handling CMSIS-DAP command Info.
    2: Error in the USB access.
error: Recipe `attach` failed on line 38 with exit code 1
[reattach] attach exited, retrying in 2s...
[reattach] --- attempt #91 at 2026-08-08 15:37:38 ---
probe-rs attach --chip RP2350 target/thumbv8m.main-none-eabihf/release/pico_messenger
[33m WARN[0m [2mprobe_rs::config::registry[0m[2m:[0m Matching RP2350 based on wildcard. Consider specifying the chip as RP235x instead.
Error: Failed to open probe: Failed to open the debug probe.

Caused by:
    0: An error which is specific to the debug probe in use occurred.
    1: Error handling CMSIS-DAP command Info.
    2: Error in the USB access.
error: Recipe `attach` failed on line 38 with exit code 1
[reattach] attach exited, retrying in 2s...
[reattach] --- attempt #92 at 2026-08-08 15:37:40 ---
probe-rs attach --chip RP2350 target/thumbv8m.main-none-eabihf/release/pico_messenger
[33m WARN[0m [2mprobe_rs::config::registry[0m[2m:[0m Matching RP2350 based on wildcard. Consider specifying the chip as RP235x instead.
Error: Failed to open probe: Failed to open the debug probe.

Caused by:
    0: An error which is specific to the debug probe in use occurred.
    1: Error handling CMSIS-DAP command Info.
    2: Error in the USB access.
error: Recipe `attach` failed on line 38 with exit code 1
[reattach] attach exited, retrying in 2s...
[reattach] --- attempt #93 at 2026-08-08 15:37:42 ---
probe-rs attach --chip RP2350 target/thumbv8m.main-none-eabihf/release/pico_messenger
[33m WARN[0m [2mprobe_rs::config::registry[0m[2m:[0m Matching RP2350 based on wildcard. Consider specifying the chip as RP235x instead.
Error: Failed to open probe: Failed to open the debug probe.

Caused by:
    0: An error which is specific to the debug probe in use occurred.
    1: Error handling CMSIS-DAP command Info.
    2: Error in the USB access.
error: Recipe `attach` failed on line 38 with exit code 1
[reattach] attach exited, retrying in 2s...
[reattach] --- attempt #94 at 2026-08-08 15:37:44 ---
probe-rs attach --chip RP2350 target/thumbv8m.main-none-eabihf/release/pico_messenger
[33m WARN[0m [2mprobe_rs::config::registry[0m[2m:[0m Matching RP2350 based on wildcard. Consider specifying the chip as RP235x instead.
Error: Failed to open probe: Failed to open the debug probe.

Caused by:
    0: An error which is specific to the debug probe in use occurred.
    1: Error handling CMSIS-DAP command Info.
    2: Error in the USB access.
error: Recipe `attach` failed on line 38 with exit code 1
[reattach] attach exited, retrying in 2s...
[reattach] --- attempt #95 at 2026-08-08 15:37:46 ---
probe-rs attach --chip RP2350 target/thumbv8m.main-none-eabihf/release/pico_messenger
[33m WARN[0m [2mprobe_rs::config::registry[0m[2m:[0m Matching RP2350 based on wildcard. Consider specifying the chip as RP235x instead.
Error: Failed to open probe: Failed to open the debug probe.

Caused by:
    0: An error which is specific to the debug probe in use occurred.
    1: Error handling CMSIS-DAP command Info.
    2: Error in the USB access.
error: Recipe `attach` failed on line 38 with exit code 1
[reattach] attach exited, retrying in 2s...
[reattach] --- attempt #96 at 2026-08-08 15:37:48 ---
probe-rs attach --chip RP2350 target/thumbv8m.main-none-eabihf/release/pico_messenger
[33m WARN[0m [2mprobe_rs::config::registry[0m[2m:[0m Matching RP2350 based on wildcard. Consider specifying the chip as RP235x instead.
Error: Failed to open probe: Failed to open the debug probe.

Caused by:
    0: An error which is specific to the debug probe in use occurred.
    1: Error handling CMSIS-DAP command Info.
    2: Error in the USB access.
error: Recipe `attach` failed on line 38 with exit code 1
[reattach] attach exited, retrying in 2s...
[reattach] --- attempt #97 at 2026-08-08 15:37:50 ---
probe-rs attach --chip RP2350 target/thumbv8m.main-none-eabihf/release/pico_messenger
[33m WARN[0m [2mprobe_rs::config::registry[0m[2m:[0m Matching RP2350 based on wildcard. Consider specifying the chip as RP235x instead.
Error: Failed to open probe: Failed to open the debug probe.

Caused by:
    0: An error which is specific to the debug probe in use occurred.
    1: Error handling CMSIS-DAP command Info.
    2: Error in the USB access.
error: Recipe `attach` failed on line 38 with exit code 1
[reattach] attach exited, retrying in 2s...
[reattach] --- attempt #98 at 2026-08-08 15:37:52 ---
probe-rs attach --chip RP2350 target/thumbv8m.main-none-eabihf/release/pico_messenger
[33m WARN[0m [2mprobe_rs::config::registry[0m[2m:[0m Matching RP2350 based on wildcard. Consider specifying the chip as RP235x instead.
Error: Failed to open probe: Failed to open the debug probe.

Caused by:
    0: An error which is specific to the debug probe in use occurred.
    1: Error handling CMSIS-DAP command Info.
    2: Error in the USB access.
error: Recipe `attach` failed on line 38 with exit code 1
[reattach] attach exited, retrying in 2s...
[reattach] --- attempt #99 at 2026-08-08 15:37:54 ---
probe-rs attach --chip RP2350 target/thumbv8m.main-none-eabihf/release/pico_messenger
[33m WARN[0m [2mprobe_rs::config::registry[0m[2m:[0m Matching RP2350 based on wildcard. Consider specifying the chip as RP235x instead.
Error: Failed to open probe: Failed to open the debug probe.

Caused by:
    0: An error which is specific to the debug probe in use occurred.
    1: Error handling CMSIS-DAP command Info.
    2: Error in the USB access.
error: Recipe `attach` failed on line 38 with exit code 1
[reattach] attach exited, retrying in 2s...
[reattach] --- attempt #100 at 2026-08-08 15:37:56 ---
probe-rs attach --chip RP2350 target/thumbv8m.main-none-eabihf/release/pico_messenger
[33m WARN[0m [2mprobe_rs::config::registry[0m[2m:[0m Matching RP2350 based on wildcard. Consider specifying the chip as RP235x instead.
Error: Failed to open probe: Failed to open the debug probe.

Caused by:
    0: An error which is specific to the debug probe in use occurred.
    1: Error handling CMSIS-DAP command Info.
    2: Error in the USB access.
error: Recipe `attach` failed on line 38 with exit code 1
[reattach] attach exited, retrying in 2s...
[reattach] --- attempt #101 at 2026-08-08 15:37:58 ---
probe-rs attach --chip RP2350 target/thumbv8m.main-none-eabihf/release/pico_messenger
[33m WARN[0m [2mprobe_rs::config::registry[0m[2m:[0m Matching RP2350 based on wildcard. Consider specifying the chip as RP235x instead.
Error: Failed to open probe: Failed to open the debug probe.

Caused by:
    0: An error which is specific to the debug probe in use occurred.
    1: Error handling CMSIS-DAP command Info.
    2: Error in the USB access.
error: Recipe `attach` failed on line 38 with exit code 1
[reattach] attach exited, retrying in 2s...
[reattach] --- attempt #102 at 2026-08-08 15:38:00 ---
probe-rs attach --chip RP2350 target/thumbv8m.main-none-eabihf/release/pico_messenger
[33m WARN[0m [2mprobe_rs::config::registry[0m[2m:[0m Matching RP2350 based on wildcard. Consider specifying the chip as RP235x instead.
Error: Failed to open probe: Failed to open the debug probe.

Caused by:
    0: An error which is specific to the debug probe in use occurred.
    1: Error handling CMSIS-DAP command Info.
    2: Error in the USB access.
error: Recipe `attach` failed on line 38 with exit code 1
[reattach] attach exited, retrying in 2s...
[reattach] --- attempt #103 at 2026-08-08 15:38:02 ---
probe-rs attach --chip RP2350 target/thumbv8m.main-none-eabihf/release/pico_messenger
[33m WARN[0m [2mprobe_rs::config::registry[0m[2m:[0m Matching RP2350 based on wildcard. Consider specifying the chip as RP235x instead.
Error: Failed to open probe: Failed to open the debug probe.

Caused by:
    0: An error which is specific to the debug probe in use occurred.
    1: Error handling CMSIS-DAP command Info.
    2: Error in the USB access.
error: Recipe `attach` failed on line 38 with exit code 1
[reattach] attach exited, retrying in 2s...
[reattach] --- attempt #104 at 2026-08-08 15:38:05 ---
probe-rs attach --chip RP2350 target/thumbv8m.main-none-eabihf/release/pico_messenger
[33m WARN[0m [2mprobe_rs::config::registry[0m[2m:[0m Matching RP2350 based on wildcard. Consider specifying the chip as RP235x instead.
Error: Failed to open probe: Failed to open the debug probe.

Caused by:
    0: An error which is specific to the debug probe in use occurred.
    1: Error handling CMSIS-DAP command Info.
    2: Error in the USB access.
error: Recipe `attach` failed on line 38 with exit code 1
[reattach] attach exited, retrying in 2s...
[reattach] --- attempt #105 at 2026-08-08 15:38:07 ---
probe-rs attach --chip RP2350 target/thumbv8m.main-none-eabihf/release/pico_messenger
[33m WARN[0m [2mprobe_rs::config::registry[0m[2m:[0m Matching RP2350 based on wildcard. Consider specifying the chip as RP235x instead.
Error: Failed to open probe: Failed to open the debug probe.

Caused by:
    0: An error which is specific to the debug probe in use occurred.
    1: Error handling CMSIS-DAP command Info.
    2: Error in the USB access.
error: Recipe `attach` failed on line 38 with exit code 1
[reattach] attach exited, retrying in 2s...
[reattach] --- attempt #106 at 2026-08-08 15:38:09 ---
probe-rs attach --chip RP2350 target/thumbv8m.main-none-eabihf/release/pico_messenger
[33m WARN[0m [2mprobe_rs::config::registry[0m[2m:[0m Matching RP2350 based on wildcard. Consider specifying the chip as RP235x instead.
Error: Failed to open probe: Failed to open the debug probe.

Caused by:
    0: An error which is specific to the debug probe in use occurred.
    1: Error handling CMSIS-DAP command Info.
    2: Error in the USB access.
error: Recipe `attach` failed on line 38 with exit code 1
[reattach] attach exited, retrying in 2s...
[reattach] --- attempt #107 at 2026-08-08 15:38:11 ---
probe-rs attach --chip RP2350 target/thumbv8m.main-none-eabihf/release/pico_messenger
[33m WARN[0m [2mprobe_rs::config::registry[0m[2m:[0m Matching RP2350 based on wildcard. Consider specifying the chip as RP235x instead.
Error: Failed to open probe: Failed to open the debug probe.

Caused by:
    0: An error which is specific to the debug probe in use occurred.
    1: Error handling CMSIS-DAP command Info.
    2: Error in the USB access.
error: Recipe `attach` failed on line 38 with exit code 1
[reattach] attach exited, retrying in 2s...
[reattach] --- attempt #108 at 2026-08-08 15:38:13 ---
probe-rs attach --chip RP2350 target/thumbv8m.main-none-eabihf/release/pico_messenger
[33m WARN[0m [2mprobe_rs::config::registry[0m[2m:[0m Matching RP2350 based on wildcard. Consider specifying the chip as RP235x instead.
Error: Failed to open probe: Failed to open the debug probe.

Caused by:
    0: An error which is specific to the debug probe in use occurred.
    1: Error handling CMSIS-DAP command Info.
    2: Error in the USB access.
error: Recipe `attach` failed on line 38 with exit code 1
[reattach] attach exited, retrying in 2s...
[reattach] --- attempt #109 at 2026-08-08 15:38:15 ---
probe-rs attach --chip RP2350 target/thumbv8m.main-none-eabihf/release/pico_messenger
[33m WARN[0m [2mprobe_rs::config::registry[0m[2m:[0m Matching RP2350 based on wildcard. Consider specifying the chip as RP235x instead.
Error: Failed to open probe: Failed to open the debug probe.

Caused by:
    0: An error which is specific to the debug probe in use occurred.
    1: Error handling CMSIS-DAP command Info.
    2: Error in the USB access.
error: Recipe `attach` failed on line 38 with exit code 1
[reattach] attach exited, retrying in 2s...
[reattach] --- attempt #110 at 2026-08-08 15:38:17 ---
probe-rs attach --chip RP2350 target/thumbv8m.main-none-eabihf/release/pico_messenger
[33m WARN[0m [2mprobe_rs::config::registry[0m[2m:[0m Matching RP2350 based on wildcard. Consider specifying the chip as RP235x instead.
Error: Failed to open probe: Failed to open the debug probe.

Caused by:
    0: An error which is specific to the debug probe in use occurred.
    1: Error handling CMSIS-DAP command Info.
    2: Error in the USB access.
error: Recipe `attach` failed on line 38 with exit code 1
[reattach] attach exited, retrying in 2s...
[reattach] --- attempt #111 at 2026-08-08 15:38:19 ---
probe-rs attach --chip RP2350 target/thumbv8m.main-none-eabihf/release/pico_messenger
[33m WARN[0m [2mprobe_rs::config::registry[0m[2m:[0m Matching RP2350 based on wildcard. Consider specifying the chip as RP235x instead.
Error: Failed to open probe: Failed to open the debug probe.

Caused by:
    0: An error which is specific to the debug probe in use occurred.
    1: Error handling CMSIS-DAP command Info.
    2: Error in the USB access.
error: Recipe `attach` failed on line 38 with exit code 1
[reattach] attach exited, retrying in 2s...
[reattach] --- attempt #112 at 2026-08-08 15:38:21 ---
probe-rs attach --chip RP2350 target/thumbv8m.main-none-eabihf/release/pico_messenger
[33m WARN[0m [2mprobe_rs::config::registry[0m[2m:[0m Matching RP2350 based on wildcard. Consider specifying the chip as RP235x instead.
Error: Failed to open probe: Failed to open the debug probe.

Caused by:
    0: An error which is specific to the debug probe in use occurred.
    1: Error handling CMSIS-DAP command Info.
    2: Error in the USB access.
error: Recipe `attach` failed on line 38 with exit code 1
[reattach] attach exited, retrying in 2s...
[reattach] --- attempt #113 at 2026-08-08 15:38:23 ---
probe-rs attach --chip RP2350 target/thumbv8m.main-none-eabihf/release/pico_messenger
[33m WARN[0m [2mprobe_rs::config::registry[0m[2m:[0m Matching RP2350 based on wildcard. Consider specifying the chip as RP235x instead.
Error: Failed to open probe: Failed to open the debug probe.

Caused by:
    0: An error which is specific to the debug probe in use occurred.
    1: Error handling CMSIS-DAP command Info.
    2: Error in the USB access.
error: Recipe `attach` failed on line 38 with exit code 1
[reattach] attach exited, retrying in 2s...
[reattach] --- attempt #114 at 2026-08-08 15:38:25 ---
probe-rs attach --chip RP2350 target/thumbv8m.main-none-eabihf/release/pico_messenger
[33m WARN[0m [2mprobe_rs::config::registry[0m[2m:[0m Matching RP2350 based on wildcard. Consider specifying the chip as RP235x instead.
Error: Failed to open probe: Failed to open the debug probe.

Caused by:
    0: An error which is specific to the debug probe in use occurred.
    1: Error handling CMSIS-DAP command Info.
    2: Error in the USB access.
error: Recipe `attach` failed on line 38 with exit code 1
[reattach] attach exited, retrying in 2s...
[reattach] --- attempt #115 at 2026-08-08 15:38:27 ---
probe-rs attach --chip RP2350 target/thumbv8m.main-none-eabihf/release/pico_messenger
[33m WARN[0m [2mprobe_rs::config::registry[0m[2m:[0m Matching RP2350 based on wildcard. Consider specifying the chip as RP235x instead.
Error: Failed to open probe: Failed to open the debug probe.

Caused by:
    0: An error which is specific to the debug probe in use occurred.
    1: Error handling CMSIS-DAP command Info.
    2: Error in the USB access.
error: Recipe `attach` failed on line 38 with exit code 1
[reattach] attach exited, retrying in 2s...
[reattach] --- attempt #116 at 2026-08-08 15:38:29 ---
probe-rs attach --chip RP2350 target/thumbv8m.main-none-eabihf/release/pico_messenger
[33m WARN[0m [2mprobe_rs::config::registry[0m[2m:[0m Matching RP2350 based on wildcard. Consider specifying the chip as RP235x instead.
Error: Failed to open probe: Failed to open the debug probe.

Caused by:
    0: An error which is specific to the debug probe in use occurred.
    1: Error handling CMSIS-DAP command Info.
    2: Error in the USB access.
error: Recipe `attach` failed on line 38 with exit code 1
[reattach] attach exited, retrying in 2s...
[reattach] --- attempt #117 at 2026-08-08 15:38:31 ---
probe-rs attach --chip RP2350 target/thumbv8m.main-none-eabihf/release/pico_messenger
[33m WARN[0m [2mprobe_rs::config::registry[0m[2m:[0m Matching RP2350 based on wildcard. Consider specifying the chip as RP235x instead.
Error: Failed to open probe: Failed to open the debug probe.

Caused by:
    0: An error which is specific to the debug probe in use occurred.
    1: Error handling CMSIS-DAP command Info.
    2: Error in the USB access.
error: Recipe `attach` failed on line 38 with exit code 1
[reattach] attach exited, retrying in 2s...
[reattach] --- attempt #118 at 2026-08-08 15:38:33 ---
probe-rs attach --chip RP2350 target/thumbv8m.main-none-eabihf/release/pico_messenger
[33m WARN[0m [2mprobe_rs::config::registry[0m[2m:[0m Matching RP2350 based on wildcard. Consider specifying the chip as RP235x instead.
Error: Failed to open probe: Failed to open the debug probe.

Caused by:
    0: An error which is specific to the debug probe in use occurred.
    1: Error handling CMSIS-DAP command Info.
    2: Error in the USB access.
error: Recipe `attach` failed on line 38 with exit code 1
[reattach] attach exited, retrying in 2s...
[reattach] --- attempt #119 at 2026-08-08 15:38:35 ---
probe-rs attach --chip RP2350 target/thumbv8m.main-none-eabihf/release/pico_messenger
[33m WARN[0m [2mprobe_rs::config::registry[0m[2m:[0m Matching RP2350 based on wildcard. Consider specifying the chip as RP235x instead.
Error: Failed to open probe: Failed to open the debug probe.

Caused by:
    0: An error which is specific to the debug probe in use occurred.
    1: Error handling CMSIS-DAP command Info.
    2: Error in the USB access.
error: Recipe `attach` failed on line 38 with exit code 1
[reattach] attach exited, retrying in 2s...
[reattach] --- attempt #120 at 2026-08-08 15:38:38 ---
probe-rs attach --chip RP2350 target/thumbv8m.main-none-eabihf/release/pico_messenger
[33m WARN[0m [2mprobe_rs::config::registry[0m[2m:[0m Matching RP2350 based on wildcard. Consider specifying the chip as RP235x instead.
Error: Failed to open probe: Failed to open the debug probe.

Caused by:
    0: An error which is specific to the debug probe in use occurred.
    1: Error handling CMSIS-DAP command Info.
    2: Error in the USB access.
error: Recipe `attach` failed on line 38 with exit code 1
[reattach] attach exited, retrying in 2s...
[reattach] --- attempt #121 at 2026-08-08 15:38:40 ---
probe-rs attach --chip RP2350 target/thumbv8m.main-none-eabihf/release/pico_messenger
[33m WARN[0m [2mprobe_rs::config::registry[0m[2m:[0m Matching RP2350 based on wildcard. Consider specifying the chip as RP235x instead.
Error: Failed to open probe: Failed to open the debug probe.

Caused by:
    0: An error which is specific to the debug probe in use occurred.
    1: Error handling CMSIS-DAP command Info.
    2: Error in the USB access.
error: Recipe `attach` failed on line 38 with exit code 1
[reattach] attach exited, retrying in 2s...
[reattach] --- attempt #122 at 2026-08-08 15:38:42 ---
probe-rs attach --chip RP2350 target/thumbv8m.main-none-eabihf/release/pico_messenger
[33m WARN[0m [2mprobe_rs::config::registry[0m[2m:[0m Matching RP2350 based on wildcard. Consider specifying the chip as RP235x instead.
Error: Failed to open probe: Failed to open the debug probe.

Caused by:
    0: An error which is specific to the debug probe in use occurred.
    1: Error handling CMSIS-DAP command Info.
    2: Error in the USB access.
error: Recipe `attach` failed on line 38 with exit code 1
[reattach] attach exited, retrying in 2s...
[reattach] --- attempt #123 at 2026-08-08 15:38:44 ---
probe-rs attach --chip RP2350 target/thumbv8m.main-none-eabihf/release/pico_messenger
[33m WARN[0m [2mprobe_rs::config::registry[0m[2m:[0m Matching RP2350 based on wildcard. Consider specifying the chip as RP235x instead.
Error: Failed to open probe: Failed to open the debug probe.

Caused by:
    0: An error which is specific to the debug probe in use occurred.
    1: Error handling CMSIS-DAP command Info.
    2: Error in the USB access.
error: Recipe `attach` failed on line 38 with exit code 1
[reattach] attach exited, retrying in 2s...
[reattach] --- attempt #124 at 2026-08-08 15:38:46 ---
probe-rs attach --chip RP2350 target/thumbv8m.main-none-eabihf/release/pico_messenger
[33m WARN[0m [2mprobe_rs::config::registry[0m[2m:[0m Matching RP2350 based on wildcard. Consider specifying the chip as RP235x instead.
Error: Failed to open probe: Failed to open the debug probe.

Caused by:
    0: An error which is specific to the debug probe in use occurred.
    1: Error handling CMSIS-DAP command Info.
    2: Error in the USB access.
error: Recipe `attach` failed on line 38 with exit code 1
[reattach] attach exited, retrying in 2s...
[reattach] --- attempt #125 at 2026-08-08 15:38:48 ---
probe-rs attach --chip RP2350 target/thumbv8m.main-none-eabihf/release/pico_messenger
[33m WARN[0m [2mprobe_rs::config::registry[0m[2m:[0m Matching RP2350 based on wildcard. Consider specifying the chip as RP235x instead.
Error: Failed to open probe: Failed to open the debug probe.

Caused by:
    0: An error which is specific to the debug probe in use occurred.
    1: Error handling CMSIS-DAP command Info.
    2: Error in the USB access.
error: Recipe `attach` failed on line 38 with exit code 1
[reattach] attach exited, retrying in 2s...
[reattach] --- attempt #126 at 2026-08-08 15:38:50 ---
probe-rs attach --chip RP2350 target/thumbv8m.main-none-eabihf/release/pico_messenger
[33m WARN[0m [2mprobe_rs::config::registry[0m[2m:[0m Matching RP2350 based on wildcard. Consider specifying the chip as RP235x instead.
Error: Failed to open probe: Failed to open the debug probe.

Caused by:
    0: An error which is specific to the debug probe in use occurred.
    1: Error handling CMSIS-DAP command Info.
    2: Error in the USB access.
error: Recipe `attach` failed on line 38 with exit code 1
[reattach] attach exited, retrying in 2s...
[reattach] --- attempt #127 at 2026-08-08 15:38:52 ---
probe-rs attach --chip RP2350 target/thumbv8m.main-none-eabihf/release/pico_messenger
[33m WARN[0m [2mprobe_rs::config::registry[0m[2m:[0m Matching RP2350 based on wildcard. Consider specifying the chip as RP235x instead.
Error: Failed to open probe: Failed to open the debug probe.

Caused by:
    0: An error which is specific to the debug probe in use occurred.
    1: Error handling CMSIS-DAP command Info.
    2: Error in the USB access.
error: Recipe `attach` failed on line 38 with exit code 1
[reattach] attach exited, retrying in 2s...
[reattach] --- attempt #128 at 2026-08-08 15:38:54 ---
probe-rs attach --chip RP2350 target/thumbv8m.main-none-eabihf/release/pico_messenger
[33m WARN[0m [2mprobe_rs::config::registry[0m[2m:[0m Matching RP2350 based on wildcard. Consider specifying the chip as RP235x instead.
Error: Failed to open probe: Failed to open the debug probe.

Caused by:
    0: An error which is specific to the debug probe in use occurred.
    1: Error handling CMSIS-DAP command Info.
    2: Error in the USB access.
error: Recipe `attach` failed on line 38 with exit code 1
[reattach] attach exited, retrying in 2s...
[reattach] --- attempt #129 at 2026-08-08 15:38:56 ---
probe-rs attach --chip RP2350 target/thumbv8m.main-none-eabihf/release/pico_messenger
[33m WARN[0m [2mprobe_rs::config::registry[0m[2m:[0m Matching RP2350 based on wildcard. Consider specifying the chip as RP235x instead.
Error: Failed to open probe: Failed to open the debug probe.

Caused by:
    0: An error which is specific to the debug probe in use occurred.
    1: Error handling CMSIS-DAP command Info.
    2: Error in the USB access.
error: Recipe `attach` failed on line 38 with exit code 1
[reattach] attach exited, retrying in 2s...
[reattach] --- attempt #130 at 2026-08-08 15:38:58 ---
probe-rs attach --chip RP2350 target/thumbv8m.main-none-eabihf/release/pico_messenger
[33m WARN[0m [2mprobe_rs::config::registry[0m[2m:[0m Matching RP2350 based on wildcard. Consider specifying the chip as RP235x instead.
Error: Failed to open probe: Failed to open the debug probe.

Caused by:
    0: An error which is specific to the debug probe in use occurred.
    1: Error handling CMSIS-DAP command Info.
    2: Error in the USB access.
error: Recipe `attach` failed on line 38 with exit code 1
[reattach] attach exited, retrying in 2s...
[reattach] --- attempt #131 at 2026-08-08 15:39:00 ---
probe-rs attach --chip RP2350 target/thumbv8m.main-none-eabihf/release/pico_messenger
[33m WARN[0m [2mprobe_rs::config::registry[0m[2m:[0m Matching RP2350 based on wildcard. Consider specifying the chip as RP235x instead.
Error: Failed to open probe: Failed to open the debug probe.

Caused by:
    0: An error which is specific to the debug probe in use occurred.
    1: Error handling CMSIS-DAP command Info.
    2: Error in the USB access.
error: Recipe `attach` failed on line 38 with exit code 1
[reattach] attach exited, retrying in 2s...
[reattach] --- attempt #132 at 2026-08-08 15:39:02 ---
probe-rs attach --chip RP2350 target/thumbv8m.main-none-eabihf/release/pico_messenger
[33m WARN[0m [2mprobe_rs::config::registry[0m[2m:[0m Matching RP2350 based on wildcard. Consider specifying the chip as RP235x instead.
Error: Failed to open probe: Failed to open the debug probe.

Caused by:
    0: An error which is specific to the debug probe in use occurred.
    1: Error handling CMSIS-DAP command Info.
    2: Error in the USB access.
error: Recipe `attach` failed on line 38 with exit code 1
[reattach] attach exited, retrying in 2s...
[reattach] --- attempt #133 at 2026-08-08 15:39:04 ---
probe-rs attach --chip RP2350 target/thumbv8m.main-none-eabihf/release/pico_messenger
[33m WARN[0m [2mprobe_rs::config::registry[0m[2m:[0m Matching RP2350 based on wildcard. Consider specifying the chip as RP235x instead.
Error: Failed to open probe: Failed to open the debug probe.

Caused by:
    0: An error which is specific to the debug probe in use occurred.
    1: Error handling CMSIS-DAP command Info.
    2: Error in the USB access.
error: Recipe `attach` failed on line 38 with exit code 1
[reattach] attach exited, retrying in 2s...
[reattach] --- attempt #134 at 2026-08-08 15:39:06 ---
probe-rs attach --chip RP2350 target/thumbv8m.main-none-eabihf/release/pico_messenger
[33m WARN[0m [2mprobe_rs::config::registry[0m[2m:[0m Matching RP2350 based on wildcard. Consider specifying the chip as RP235x instead.
Error: Failed to open probe: Failed to open the debug probe.

Caused by:
    0: An error which is specific to the debug probe in use occurred.
    1: Error handling CMSIS-DAP command Info.
    2: Error in the USB access.
error: Recipe `attach` failed on line 38 with exit code 1
[reattach] attach exited, retrying in 2s...
[reattach] --- attempt #135 at 2026-08-08 15:39:09 ---
probe-rs attach --chip RP2350 target/thumbv8m.main-none-eabihf/release/pico_messenger
[33m WARN[0m [2mprobe_rs::config::registry[0m[2m:[0m Matching RP2350 based on wildcard. Consider specifying the chip as RP235x instead.
Error: Failed to open probe: Failed to open the debug probe.

Caused by:
    0: An error which is specific to the debug probe in use occurred.
    1: Error handling CMSIS-DAP command Info.
    2: Error in the USB access.
error: Recipe `attach` failed on line 38 with exit code 1
[reattach] attach exited, retrying in 2s...
[reattach] --- attempt #136 at 2026-08-08 15:39:11 ---
probe-rs attach --chip RP2350 target/thumbv8m.main-none-eabihf/release/pico_messenger
[33m WARN[0m [2mprobe_rs::config::registry[0m[2m:[0m Matching RP2350 based on wildcard. Consider specifying the chip as RP235x instead.
Error: Failed to open probe: Failed to open the debug probe.

Caused by:
    0: An error which is specific to the debug probe in use occurred.
    1: Error handling CMSIS-DAP command Info.
    2: Error in the USB access.
error: Recipe `attach` failed on line 38 with exit code 1
[reattach] attach exited, retrying in 2s...
[reattach] --- attempt #137 at 2026-08-08 15:39:13 ---
probe-rs attach --chip RP2350 target/thumbv8m.main-none-eabihf/release/pico_messenger
[33m WARN[0m [2mprobe_rs::config::registry[0m[2m:[0m Matching RP2350 based on wildcard. Consider specifying the chip as RP235x instead.
Error: Failed to open probe: Failed to open the debug probe.

Caused by:
    0: An error which is specific to the debug probe in use occurred.
    1: Error handling CMSIS-DAP command Info.
    2: Error in the USB access.
error: Recipe `attach` failed on line 38 with exit code 1
[reattach] attach exited, retrying in 2s...
[reattach] --- attempt #138 at 2026-08-08 15:39:15 ---
probe-rs attach --chip RP2350 target/thumbv8m.main-none-eabihf/release/pico_messenger
[33m WARN[0m [2mprobe_rs::config::registry[0m[2m:[0m Matching RP2350 based on wildcard. Consider specifying the chip as RP235x instead.
Error: Failed to open probe: Failed to open the debug probe.

Caused by:
    0: An error which is specific to the debug probe in use occurred.
    1: Error handling CMSIS-DAP command Info.
    2: Error in the USB access.
error: Recipe `attach` failed on line 38 with exit code 1
[reattach] attach exited, retrying in 2s...
[reattach] --- attempt #139 at 2026-08-08 15:39:17 ---
probe-rs attach --chip RP2350 target/thumbv8m.main-none-eabihf/release/pico_messenger
[33m WARN[0m [2mprobe_rs::config::registry[0m[2m:[0m Matching RP2350 based on wildcard. Consider specifying the chip as RP235x instead.
Error: Failed to open probe: Failed to open the debug probe.

Caused by:
    0: An error which is specific to the debug probe in use occurred.
    1: Error handling CMSIS-DAP command Info.
    2: Error in the USB access.
error: Recipe `attach` failed on line 38 with exit code 1
[reattach] attach exited, retrying in 2s...
[reattach] --- attempt #140 at 2026-08-08 15:39:19 ---
probe-rs attach --chip RP2350 target/thumbv8m.main-none-eabihf/release/pico_messenger
[33m WARN[0m [2mprobe_rs::config::registry[0m[2m:[0m Matching RP2350 based on wildcard. Consider specifying the chip as RP235x instead.
Error: Failed to open probe: Failed to open the debug probe.

Caused by:
    0: An error which is specific to the debug probe in use occurred.
    1: Error handling CMSIS-DAP command Info.
    2: Error in the USB access.
error: Recipe `attach` failed on line 38 with exit code 1
[reattach] attach exited, retrying in 2s...
[reattach] --- attempt #141 at 2026-08-08 15:39:21 ---
probe-rs attach --chip RP2350 target/thumbv8m.main-none-eabihf/release/pico_messenger
[33m WARN[0m [2mprobe_rs::config::registry[0m[2m:[0m Matching RP2350 based on wildcard. Consider specifying the chip as RP235x instead.
Error: Failed to open probe: Failed to open the debug probe.

Caused by:
    0: An error which is specific to the debug probe in use occurred.
    1: Error handling CMSIS-DAP command Info.
    2: Error in the USB access.
error: Recipe `attach` failed on line 38 with exit code 1
[reattach] attach exited, retrying in 2s...
[reattach] --- attempt #142 at 2026-08-08 15:39:23 ---
probe-rs attach --chip RP2350 target/thumbv8m.main-none-eabihf/release/pico_messenger
[33m WARN[0m [2mprobe_rs::config::registry[0m[2m:[0m Matching RP2350 based on wildcard. Consider specifying the chip as RP235x instead.
Error: Failed to open probe: Failed to open the debug probe.

Caused by:
    0: An error which is specific to the debug probe in use occurred.
    1: Error handling CMSIS-DAP command Info.
    2: Error in the USB access.
error: Recipe `attach` failed on line 38 with exit code 1
[reattach] attach exited, retrying in 2s...
[reattach] --- attempt #143 at 2026-08-08 15:39:25 ---
probe-rs attach --chip RP2350 target/thumbv8m.main-none-eabihf/release/pico_messenger
[33m WARN[0m [2mprobe_rs::config::registry[0m[2m:[0m Matching RP2350 based on wildcard. Consider specifying the chip as RP235x instead.
Error: Failed to open probe: Failed to open the debug probe.

Caused by:
    0: An error which is specific to the debug probe in use occurred.
    1: Error handling CMSIS-DAP command Info.
    2: Error in the USB access.
error: Recipe `attach` failed on line 38 with exit code 1
[reattach] attach exited, retrying in 2s...
[reattach] --- attempt #144 at 2026-08-08 15:39:27 ---
probe-rs attach --chip RP2350 target/thumbv8m.main-none-eabihf/release/pico_messenger
[33m WARN[0m [2mprobe_rs::config::registry[0m[2m:[0m Matching RP2350 based on wildcard. Consider specifying the chip as RP235x instead.
Error: Failed to open probe: Failed to open the debug probe.

Caused by:
    0: An error which is specific to the debug probe in use occurred.
    1: Error handling CMSIS-DAP command Info.
    2: Error in the USB access.
error: Recipe `attach` failed on line 38 with exit code 1
[reattach] attach exited, retrying in 2s...
[reattach] --- attempt #145 at 2026-08-08 15:39:29 ---
probe-rs attach --chip RP2350 target/thumbv8m.main-none-eabihf/release/pico_messenger
[33m WARN[0m [2mprobe_rs::config::registry[0m[2m:[0m Matching RP2350 based on wildcard. Consider specifying the chip as RP235x instead.
Error: Failed to open probe: Failed to open the debug probe.

Caused by:
    0: An error which is specific to the debug probe in use occurred.
    1: Error handling CMSIS-DAP command Info.
    2: Error in the USB access.
error: Recipe `attach` failed on line 38 with exit code 1
[reattach] attach exited, retrying in 2s...
[reattach] --- attempt #146 at 2026-08-08 15:39:31 ---
probe-rs attach --chip RP2350 target/thumbv8m.main-none-eabihf/release/pico_messenger
[33m WARN[0m [2mprobe_rs::config::registry[0m[2m:[0m Matching RP2350 based on wildcard. Consider specifying the chip as RP235x instead.
Error: Failed to open probe: Failed to open the debug probe.

Caused by:
    0: An error which is specific to the debug probe in use occurred.
    1: Error handling CMSIS-DAP command Info.
    2: Error in the USB access.
error: Recipe `attach` failed on line 38 with exit code 1
[reattach] attach exited, retrying in 2s...
[reattach] --- attempt #147 at 2026-08-08 15:39:33 ---
probe-rs attach --chip RP2350 target/thumbv8m.main-none-eabihf/release/pico_messenger
[33m WARN[0m [2mprobe_rs::config::registry[0m[2m:[0m Matching RP2350 based on wildcard. Consider specifying the chip as RP235x instead.
Error: Failed to open probe: Failed to open the debug probe.

Caused by:
    0: An error which is specific to the debug probe in use occurred.
    1: Error handling CMSIS-DAP command Info.
    2: Error in the USB access.
error: Recipe `attach` failed on line 38 with exit code 1
[reattach] attach exited, retrying in 2s...
[reattach] --- attempt #148 at 2026-08-08 15:39:35 ---
probe-rs attach --chip RP2350 target/thumbv8m.main-none-eabihf/release/pico_messenger
[33m WARN[0m [2mprobe_rs::config::registry[0m[2m:[0m Matching RP2350 based on wildcard. Consider specifying the chip as RP235x instead.
Error: Failed to open probe: Failed to open the debug probe.

Caused by:
    0: An error which is specific to the debug probe in use occurred.
    1: Error handling CMSIS-DAP command Info.
    2: Error in the USB access.
error: Recipe `attach` failed on line 38 with exit code 1
[reattach] attach exited, retrying in 2s...
[reattach] --- attempt #149 at 2026-08-08 15:39:38 ---
probe-rs attach --chip RP2350 target/thumbv8m.main-none-eabihf/release/pico_messenger
[33m WARN[0m [2mprobe_rs::config::registry[0m[2m:[0m Matching RP2350 based on wildcard. Consider specifying the chip as RP235x instead.
Error: Failed to open probe: Failed to open the debug probe.

Caused by:
    0: An error which is specific to the debug probe in use occurred.
    1: Error handling CMSIS-DAP command Info.
    2: Error in the USB access.
error: Recipe `attach` failed on line 38 with exit code 1
[reattach] attach exited, retrying in 2s...
[reattach] --- attempt #150 at 2026-08-08 15:39:40 ---
probe-rs attach --chip RP2350 target/thumbv8m.main-none-eabihf/release/pico_messenger
[33m WARN[0m [2mprobe_rs::config::registry[0m[2m:[0m Matching RP2350 based on wildcard. Consider specifying the chip as RP235x instead.
Error: Failed to open probe: Failed to open the debug probe.

Caused by:
    0: An error which is specific to the debug probe in use occurred.
    1: Error handling CMSIS-DAP command Info.
    2: Error in the USB access.
error: Recipe `attach` failed on line 38 with exit code 1
[reattach] attach exited, retrying in 2s...
[reattach] --- attempt #151 at 2026-08-08 15:39:42 ---
probe-rs attach --chip RP2350 target/thumbv8m.main-none-eabihf/release/pico_messenger
[33m WARN[0m [2mprobe_rs::config::registry[0m[2m:[0m Matching RP2350 based on wildcard. Consider specifying the chip as RP235x instead.
Error: Failed to open probe: Failed to open the debug probe.

Caused by:
    0: An error which is specific to the debug probe in use occurred.
    1: Error handling CMSIS-DAP command Info.
    2: Error in the USB access.
error: Recipe `attach` failed on line 38 with exit code 1
[reattach] attach exited, retrying in 2s...
[reattach] --- attempt #152 at 2026-08-08 15:39:44 ---
probe-rs attach --chip RP2350 target/thumbv8m.main-none-eabihf/release/pico_messenger
[33m WARN[0m [2mprobe_rs::config::registry[0m[2m:[0m Matching RP2350 based on wildcard. Consider specifying the chip as RP235x instead.
Error: Failed to open probe: Failed to open the debug probe.

Caused by:
    0: An error which is specific to the debug probe in use occurred.
    1: Error handling CMSIS-DAP command Info.
    2: Error in the USB access.
error: Recipe `attach` failed on line 38 with exit code 1
[reattach] attach exited, retrying in 2s...
[reattach] --- attempt #153 at 2026-08-08 15:39:46 ---
probe-rs attach --chip RP2350 target/thumbv8m.main-none-eabihf/release/pico_messenger
[33m WARN[0m [2mprobe_rs::config::registry[0m[2m:[0m Matching RP2350 based on wildcard. Consider specifying the chip as RP235x instead.
Error: Failed to open probe: Failed to open the debug probe.

Caused by:
    0: An error which is specific to the debug probe in use occurred.
    1: Error handling CMSIS-DAP command Info.
    2: Error in the USB access.
error: Recipe `attach` failed on line 38 with exit code 1
[reattach] attach exited, retrying in 2s...
[reattach] --- attempt #154 at 2026-08-08 15:39:48 ---
probe-rs attach --chip RP2350 target/thumbv8m.main-none-eabihf/release/pico_messenger
[33m WARN[0m [2mprobe_rs::config::registry[0m[2m:[0m Matching RP2350 based on wildcard. Consider specifying the chip as RP235x instead.
Error: Failed to open probe: Failed to open the debug probe.

Caused by:
    0: An error which is specific to the debug probe in use occurred.
    1: Error handling CMSIS-DAP command Info.
    2: Error in the USB access.
error: Recipe `attach` failed on line 38 with exit code 1
[reattach] attach exited, retrying in 2s...
[reattach] --- attempt #155 at 2026-08-08 15:39:50 ---
probe-rs attach --chip RP2350 target/thumbv8m.main-none-eabihf/release/pico_messenger
[33m WARN[0m [2mprobe_rs::config::registry[0m[2m:[0m Matching RP2350 based on wildcard. Consider specifying the chip as RP235x instead.
Error: Failed to open probe: Failed to open the debug probe.

Caused by:
    0: An error which is specific to the debug probe in use occurred.
    1: Error handling CMSIS-DAP command Info.
    2: Error in the USB access.
error: Recipe `attach` failed on line 38 with exit code 1
[reattach] attach exited, retrying in 2s...
[reattach] --- attempt #156 at 2026-08-08 15:39:52 ---
probe-rs attach --chip RP2350 target/thumbv8m.main-none-eabihf/release/pico_messenger
[33m WARN[0m [2mprobe_rs::config::registry[0m[2m:[0m Matching RP2350 based on wildcard. Consider specifying the chip as RP235x instead.
Error: Failed to open probe: Failed to open the debug probe.

Caused by:
    0: An error which is specific to the debug probe in use occurred.
    1: Error handling CMSIS-DAP command Info.
    2: Error in the USB access.
error: Recipe `attach` failed on line 38 with exit code 1
[reattach] attach exited, retrying in 2s...
[reattach] --- attempt #157 at 2026-08-08 15:39:54 ---
probe-rs attach --chip RP2350 target/thumbv8m.main-none-eabihf/release/pico_messenger
[33m WARN[0m [2mprobe_rs::config::registry[0m[2m:[0m Matching RP2350 based on wildcard. Consider specifying the chip as RP235x instead.
Error: Failed to open probe: Failed to open the debug probe.

Caused by:
    0: An error which is specific to the debug probe in use occurred.
    1: Error handling CMSIS-DAP command Info.
    2: Error in the USB access.
error: Recipe `attach` failed on line 38 with exit code 1
[reattach] attach exited, retrying in 2s...
[reattach] --- attempt #158 at 2026-08-08 15:39:56 ---
probe-rs attach --chip RP2350 target/thumbv8m.main-none-eabihf/release/pico_messenger
[33m WARN[0m [2mprobe_rs::config::registry[0m[2m:[0m Matching RP2350 based on wildcard. Consider specifying the chip as RP235x instead.
Error: Failed to open probe: Failed to open the debug probe.

Caused by:
    0: An error which is specific to the debug probe in use occurred.
    1: Error handling CMSIS-DAP command Info.
    2: Error in the USB access.
error: Recipe `attach` failed on line 38 with exit code 1
[reattach] attach exited, retrying in 2s...
[reattach] --- attempt #159 at 2026-08-08 15:39:58 ---
probe-rs attach --chip RP2350 target/thumbv8m.main-none-eabihf/release/pico_messenger
[33m WARN[0m [2mprobe_rs::config::registry[0m[2m:[0m Matching RP2350 based on wildcard. Consider specifying the chip as RP235x instead.
Error: Failed to open probe: Failed to open the debug probe.

Caused by:
    0: An error which is specific to the debug probe in use occurred.
    1: Error handling CMSIS-DAP command Info.
    2: Error in the USB access.
error: Recipe `attach` failed on line 38 with exit code 1
[reattach] attach exited, retrying in 2s...
[reattach] --- attempt #160 at 2026-08-08 15:40:00 ---
probe-rs attach --chip RP2350 target/thumbv8m.main-none-eabihf/release/pico_messenger
[33m WARN[0m [2mprobe_rs::config::registry[0m[2m:[0m Matching RP2350 based on wildcard. Consider specifying the chip as RP235x instead.
Error: Failed to open probe: Failed to open the debug probe.

Caused by:
    0: An error which is specific to the debug probe in use occurred.
    1: Error handling CMSIS-DAP command Info.
    2: Error in the USB access.
error: Recipe `attach` failed on line 38 with exit code 1
[reattach] attach exited, retrying in 2s...
[reattach] --- attempt #161 at 2026-08-08 15:40:02 ---
probe-rs attach --chip RP2350 target/thumbv8m.main-none-eabihf/release/pico_messenger
[33m WARN[0m [2mprobe_rs::config::registry[0m[2m:[0m Matching RP2350 based on wildcard. Consider specifying the chip as RP235x instead.
Error: Failed to open probe: Failed to open the debug probe.

Caused by:
    0: An error which is specific to the debug probe in use occurred.
    1: Error handling CMSIS-DAP command Info.
    2: Error in the USB access.
error: Recipe `attach` failed on line 38 with exit code 1
[reattach] attach exited, retrying in 2s...
[reattach] --- attempt #162 at 2026-08-08 15:40:04 ---
probe-rs attach --chip RP2350 target/thumbv8m.main-none-eabihf/release/pico_messenger
[33m WARN[0m [2mprobe_rs::config::registry[0m[2m:[0m Matching RP2350 based on wildcard. Consider specifying the chip as RP235x instead.
Error: Failed to open probe: Failed to open the debug probe.

Caused by:
    0: An error which is specific to the debug probe in use occurred.
    1: Error handling CMSIS-DAP command Info.
    2: Error in the USB access.
error: Recipe `attach` failed on line 38 with exit code 1
[reattach] attach exited, retrying in 2s...
[reattach] --- attempt #163 at 2026-08-08 15:40:07 ---
probe-rs attach --chip RP2350 target/thumbv8m.main-none-eabihf/release/pico_messenger
[33m WARN[0m [2mprobe_rs::config::registry[0m[2m:[0m Matching RP2350 based on wildcard. Consider specifying the chip as RP235x instead.
Error: Failed to open probe: Failed to open the debug probe.

Caused by:
    0: An error which is specific to the debug probe in use occurred.
    1: Error handling CMSIS-DAP command Info.
    2: Error in the USB access.
error: Recipe `attach` failed on line 38 with exit code 1
[reattach] attach exited, retrying in 2s...
[reattach] --- attempt #164 at 2026-08-08 15:40:09 ---
probe-rs attach --chip RP2350 target/thumbv8m.main-none-eabihf/release/pico_messenger
[33m WARN[0m [2mprobe_rs::config::registry[0m[2m:[0m Matching RP2350 based on wildcard. Consider specifying the chip as RP235x instead.
Error: Failed to open probe: Failed to open the debug probe.

Caused by:
    0: An error which is specific to the debug probe in use occurred.
    1: Error handling CMSIS-DAP command Info.
    2: Error in the USB access.
error: Recipe `attach` failed on line 38 with exit code 1
[reattach] attach exited, retrying in 2s...
[reattach] --- attempt #165 at 2026-08-08 15:40:11 ---
probe-rs attach --chip RP2350 target/thumbv8m.main-none-eabihf/release/pico_messenger
[33m WARN[0m [2mprobe_rs::config::registry[0m[2m:[0m Matching RP2350 based on wildcard. Consider specifying the chip as RP235x instead.
Error: Failed to open probe: Failed to open the debug probe.

Caused by:
    0: An error which is specific to the debug probe in use occurred.
    1: Error handling CMSIS-DAP command Info.
    2: Error in the USB access.
error: Recipe `attach` failed on line 38 with exit code 1
[reattach] attach exited, retrying in 2s...
[reattach] --- attempt #166 at 2026-08-08 15:40:13 ---
probe-rs attach --chip RP2350 target/thumbv8m.main-none-eabihf/release/pico_messenger
[33m WARN[0m [2mprobe_rs::config::registry[0m[2m:[0m Matching RP2350 based on wildcard. Consider specifying the chip as RP235x instead.
Error: Failed to open probe: Failed to open the debug probe.

Caused by:
    0: An error which is specific to the debug probe in use occurred.
    1: Error handling CMSIS-DAP command Info.
    2: Error in the USB access.
error: Recipe `attach` failed on line 38 with exit code 1
[reattach] attach exited, retrying in 2s...
[reattach] --- attempt #167 at 2026-08-08 15:40:15 ---
probe-rs attach --chip RP2350 target/thumbv8m.main-none-eabihf/release/pico_messenger
[33m WARN[0m [2mprobe_rs::config::registry[0m[2m:[0m Matching RP2350 based on wildcard. Consider specifying the chip as RP235x instead.
Error: Failed to open probe: Failed to open the debug probe.

Caused by:
    0: An error which is specific to the debug probe in use occurred.
    1: Error handling CMSIS-DAP command Info.
    2: Error in the USB access.
error: Recipe `attach` failed on line 38 with exit code 1
[reattach] attach exited, retrying in 2s...
[reattach] --- attempt #168 at 2026-08-08 15:40:17 ---
probe-rs attach --chip RP2350 target/thumbv8m.main-none-eabihf/release/pico_messenger
[33m WARN[0m [2mprobe_rs::config::registry[0m[2m:[0m Matching RP2350 based on wildcard. Consider specifying the chip as RP235x instead.
Error: Failed to open probe: Failed to open the debug probe.

Caused by:
    0: An error which is specific to the debug probe in use occurred.
    1: Error handling CMSIS-DAP command Info.
    2: Error in the USB access.
error: Recipe `attach` failed on line 38 with exit code 1
[reattach] attach exited, retrying in 2s...
[reattach] --- attempt #169 at 2026-08-08 15:40:19 ---
probe-rs attach --chip RP2350 target/thumbv8m.main-none-eabihf/release/pico_messenger
[33m WARN[0m [2mprobe_rs::config::registry[0m[2m:[0m Matching RP2350 based on wildcard. Consider specifying the chip as RP235x instead.
Error: Failed to open probe: Failed to open the debug probe.

Caused by:
    0: An error which is specific to the debug probe in use occurred.
    1: Error handling CMSIS-DAP command Info.
    2: Error in the USB access.
error: Recipe `attach` failed on line 38 with exit code 1
[reattach] attach exited, retrying in 2s...
[reattach] --- attempt #170 at 2026-08-08 15:40:21 ---
probe-rs attach --chip RP2350 target/thumbv8m.main-none-eabihf/release/pico_messenger
[33m WARN[0m [2mprobe_rs::config::registry[0m[2m:[0m Matching RP2350 based on wildcard. Consider specifying the chip as RP235x instead.
Error: Failed to open probe: Failed to open the debug probe.

Caused by:
    0: An error which is specific to the debug probe in use occurred.
    1: Error handling CMSIS-DAP command Info.
    2: Error in the USB access.
error: Recipe `attach` failed on line 38 with exit code 1
[reattach] attach exited, retrying in 2s...
[reattach] --- attempt #171 at 2026-08-08 15:40:23 ---
probe-rs attach --chip RP2350 target/thumbv8m.main-none-eabihf/release/pico_messenger
[33m WARN[0m [2mprobe_rs::config::registry[0m[2m:[0m Matching RP2350 based on wildcard. Consider specifying the chip as RP235x instead.
Error: Failed to open probe: Failed to open the debug probe.

Caused by:
    0: An error which is specific to the debug probe in use occurred.
    1: Error handling CMSIS-DAP command Info.
    2: Error in the USB access.
error: Recipe `attach` failed on line 38 with exit code 1
[reattach] attach exited, retrying in 2s...
[reattach] --- attempt #172 at 2026-08-08 15:40:25 ---
probe-rs attach --chip RP2350 target/thumbv8m.main-none-eabihf/release/pico_messenger
[33m WARN[0m [2mprobe_rs::config::registry[0m[2m:[0m Matching RP2350 based on wildcard. Consider specifying the chip as RP235x instead.
Error: Failed to open probe: Failed to open the debug probe.

Caused by:
    0: An error which is specific to the debug probe in use occurred.
    1: Error handling CMSIS-DAP command Info.
    2: Error in the USB access.
error: Recipe `attach` failed on line 38 with exit code 1
[reattach] attach exited, retrying in 2s...
[reattach] --- attempt #173 at 2026-08-08 15:40:27 ---
probe-rs attach --chip RP2350 target/thumbv8m.main-none-eabihf/release/pico_messenger
[33m WARN[0m [2mprobe_rs::config::registry[0m[2m:[0m Matching RP2350 based on wildcard. Consider specifying the chip as RP235x instead.
Error: Failed to open probe: Failed to open the debug probe.

Caused by:
    0: An error which is specific to the debug probe in use occurred.
    1: Error handling CMSIS-DAP command Info.
    2: Error in the USB access.
error: Recipe `attach` failed on line 38 with exit code 1
[reattach] attach exited, retrying in 2s...
[reattach] --- attempt #174 at 2026-08-08 15:40:29 ---
probe-rs attach --chip RP2350 target/thumbv8m.main-none-eabihf/release/pico_messenger
[33m WARN[0m [2mprobe_rs::config::registry[0m[2m:[0m Matching RP2350 based on wildcard. Consider specifying the chip as RP235x instead.
Error: Failed to open probe: Failed to open the debug probe.

Caused by:
    0: An error which is specific to the debug probe in use occurred.
    1: Error handling CMSIS-DAP command Info.
    2: Error in the USB access.
error: Recipe `attach` failed on line 38 with exit code 1
[reattach] attach exited, retrying in 2s...
[reattach] --- attempt #175 at 2026-08-08 15:40:31 ---
probe-rs attach --chip RP2350 target/thumbv8m.main-none-eabihf/release/pico_messenger
[33m WARN[0m [2mprobe_rs::config::registry[0m[2m:[0m Matching RP2350 based on wildcard. Consider specifying the chip as RP235x instead.
Error: Failed to open probe: Failed to open the debug probe.

Caused by:
    0: An error which is specific to the debug probe in use occurred.
    1: Error handling CMSIS-DAP command Info.
    2: Error in the USB access.
error: Recipe `attach` failed on line 38 with exit code 1
[reattach] attach exited, retrying in 2s...
[reattach] --- attempt #176 at 2026-08-08 15:40:33 ---
probe-rs attach --chip RP2350 target/thumbv8m.main-none-eabihf/release/pico_messenger
[33m WARN[0m [2mprobe_rs::config::registry[0m[2m:[0m Matching RP2350 based on wildcard. Consider specifying the chip as RP235x instead.
Error: Failed to open probe: Failed to open the debug probe.

Caused by:
    0: An error which is specific to the debug probe in use occurred.
    1: Error handling CMSIS-DAP command Info.
    2: Error in the USB access.
error: Recipe `attach` failed on line 38 with exit code 1
[reattach] attach exited, retrying in 2s...
[reattach] --- attempt #177 at 2026-08-08 15:40:35 ---
probe-rs attach --chip RP2350 target/thumbv8m.main-none-eabihf/release/pico_messenger
[33m WARN[0m [2mprobe_rs::config::registry[0m[2m:[0m Matching RP2350 based on wildcard. Consider specifying the chip as RP235x instead.
Error: Failed to open probe: Failed to open the debug probe.

Caused by:
    0: An error which is specific to the debug probe in use occurred.
    1: Error handling CMSIS-DAP command Info.
    2: Error in the USB access.
error: Recipe `attach` failed on line 38 with exit code 1
[reattach] attach exited, retrying in 2s...
[reattach] --- attempt #178 at 2026-08-08 15:40:37 ---
probe-rs attach --chip RP2350 target/thumbv8m.main-none-eabihf/release/pico_messenger
[33m WARN[0m [2mprobe_rs::config::registry[0m[2m:[0m Matching RP2350 based on wildcard. Consider specifying the chip as RP235x instead.
Error: Failed to open probe: Failed to open the debug probe.

Caused by:
    0: An error which is specific to the debug probe in use occurred.
    1: Error handling CMSIS-DAP command Info.
    2: Error in the USB access.
error: Recipe `attach` failed on line 38 with exit code 1
[reattach] attach exited, retrying in 2s...
[reattach] --- attempt #179 at 2026-08-08 15:40:40 ---
probe-rs attach --chip RP2350 target/thumbv8m.main-none-eabihf/release/pico_messenger
[33m WARN[0m [2mprobe_rs::config::registry[0m[2m:[0m Matching RP2350 based on wildcard. Consider specifying the chip as RP235x instead.
Error: Failed to open probe: Failed to open the debug probe.

Caused by:
    0: An error which is specific to the debug probe in use occurred.
    1: Error handling CMSIS-DAP command Info.
    2: Error in the USB access.
error: Recipe `attach` failed on line 38 with exit code 1
[reattach] attach exited, retrying in 2s...
[reattach] --- attempt #180 at 2026-08-08 15:40:42 ---
probe-rs attach --chip RP2350 target/thumbv8m.main-none-eabihf/release/pico_messenger
[33m WARN[0m [2mprobe_rs::config::registry[0m[2m:[0m Matching RP2350 based on wildcard. Consider specifying the chip as RP235x instead.
Error: Failed to open probe: Failed to open the debug probe.

Caused by:
    0: An error which is specific to the debug probe in use occurred.
    1: Error handling CMSIS-DAP command Info.
    2: Error in the USB access.
error: Recipe `attach` failed on line 38 with exit code 1
[reattach] attach exited, retrying in 2s...
[reattach] --- attempt #181 at 2026-08-08 15:40:44 ---
probe-rs attach --chip RP2350 target/thumbv8m.main-none-eabihf/release/pico_messenger
[33m WARN[0m [2mprobe_rs::config::registry[0m[2m:[0m Matching RP2350 based on wildcard. Consider specifying the chip as RP235x instead.
Error: Failed to open probe: Failed to open the debug probe.

Caused by:
    0: An error which is specific to the debug probe in use occurred.
    1: Error handling CMSIS-DAP command Info.
    2: Error in the USB access.
error: Recipe `attach` failed on line 38 with exit code 1
[reattach] attach exited, retrying in 2s...
[reattach] --- attempt #182 at 2026-08-08 15:40:46 ---
probe-rs attach --chip RP2350 target/thumbv8m.main-none-eabihf/release/pico_messenger
[33m WARN[0m [2mprobe_rs::config::registry[0m[2m:[0m Matching RP2350 based on wildcard. Consider specifying the chip as RP235x instead.
Error: Failed to open probe: Failed to open the debug probe.

Caused by:
    0: An error which is specific to the debug probe in use occurred.
    1: Error handling CMSIS-DAP command Info.
    2: Error in the USB access.
error: Recipe `attach` failed on line 38 with exit code 1
[reattach] attach exited, retrying in 2s...
[reattach] --- attempt #183 at 2026-08-08 15:40:48 ---
probe-rs attach --chip RP2350 target/thumbv8m.main-none-eabihf/release/pico_messenger
[33m WARN[0m [2mprobe_rs::config::registry[0m[2m:[0m Matching RP2350 based on wildcard. Consider specifying the chip as RP235x instead.
Error: Failed to open probe: Failed to open the debug probe.

Caused by:
    0: An error which is specific to the debug probe in use occurred.
    1: Error handling CMSIS-DAP command Info.
    2: Error in the USB access.
error: Recipe `attach` failed on line 38 with exit code 1
[reattach] attach exited, retrying in 2s...
[reattach] --- attempt #184 at 2026-08-08 15:40:50 ---
probe-rs attach --chip RP2350 target/thumbv8m.main-none-eabihf/release/pico_messenger
[33m WARN[0m [2mprobe_rs::config::registry[0m[2m:[0m Matching RP2350 based on wildcard. Consider specifying the chip as RP235x instead.
Error: Failed to open probe: Failed to open the debug probe.

Caused by:
    0: An error which is specific to the debug probe in use occurred.
    1: Error handling CMSIS-DAP command Info.
    2: Error in the USB access.
error: Recipe `attach` failed on line 38 with exit code 1
[reattach] attach exited, retrying in 2s...
[reattach] --- attempt #185 at 2026-08-08 15:40:52 ---
probe-rs attach --chip RP2350 target/thumbv8m.main-none-eabihf/release/pico_messenger
[33m WARN[0m [2mprobe_rs::config::registry[0m[2m:[0m Matching RP2350 based on wildcard. Consider specifying the chip as RP235x instead.
Error: Failed to open probe: Failed to open the debug probe.

Caused by:
    0: An error which is specific to the debug probe in use occurred.
    1: Error handling CMSIS-DAP command Info.
    2: Error in the USB access.
error: Recipe `attach` failed on line 38 with exit code 1
[reattach] attach exited, retrying in 2s...
[reattach] --- attempt #186 at 2026-08-08 15:40:54 ---
probe-rs attach --chip RP2350 target/thumbv8m.main-none-eabihf/release/pico_messenger
[33m WARN[0m [2mprobe_rs::config::registry[0m[2m:[0m Matching RP2350 based on wildcard. Consider specifying the chip as RP235x instead.
Error: Failed to open probe: Failed to open the debug probe.

Caused by:
    0: An error which is specific to the debug probe in use occurred.
    1: Error handling CMSIS-DAP command Info.
    2: Error in the USB access.
error: Recipe `attach` failed on line 38 with exit code 1
[reattach] attach exited, retrying in 2s...
[reattach] --- attempt #187 at 2026-08-08 15:40:56 ---
probe-rs attach --chip RP2350 target/thumbv8m.main-none-eabihf/release/pico_messenger
[33m WARN[0m [2mprobe_rs::config::registry[0m[2m:[0m Matching RP2350 based on wildcard. Consider specifying the chip as RP235x instead.
Error: Failed to open probe: Failed to open the debug probe.

Caused by:
    0: An error which is specific to the debug probe in use occurred.
    1: Error handling CMSIS-DAP command Info.
    2: Error in the USB access.
error: Recipe `attach` failed on line 38 with exit code 1
[reattach] attach exited, retrying in 2s...
[reattach] --- attempt #188 at 2026-08-08 15:40:58 ---
probe-rs attach --chip RP2350 target/thumbv8m.main-none-eabihf/release/pico_messenger
[33m WARN[0m [2mprobe_rs::config::registry[0m[2m:[0m Matching RP2350 based on wildcard. Consider specifying the chip as RP235x instead.
Error: Failed to open probe: Failed to open the debug probe.

Caused by:
    0: An error which is specific to the debug probe in use occurred.
    1: Error handling CMSIS-DAP command Info.
    2: Error in the USB access.
error: Recipe `attach` failed on line 38 with exit code 1
[reattach] attach exited, retrying in 2s...
[reattach] --- attempt #189 at 2026-08-08 15:41:00 ---
probe-rs attach --chip RP2350 target/thumbv8m.main-none-eabihf/release/pico_messenger
[33m WARN[0m [2mprobe_rs::config::registry[0m[2m:[0m Matching RP2350 based on wildcard. Consider specifying the chip as RP235x instead.
Error: Failed to open probe: Failed to open the debug probe.

Caused by:
    0: An error which is specific to the debug probe in use occurred.
    1: Error handling CMSIS-DAP command Info.
    2: Error in the USB access.
error: Recipe `attach` failed on line 38 with exit code 1
[reattach] attach exited, retrying in 2s...
[reattach] --- attempt #190 at 2026-08-08 15:41:02 ---
probe-rs attach --chip RP2350 target/thumbv8m.main-none-eabihf/release/pico_messenger
[33m WARN[0m [2mprobe_rs::config::registry[0m[2m:[0m Matching RP2350 based on wildcard. Consider specifying the chip as RP235x instead.
Error: Failed to open probe: Failed to open the debug probe.

Caused by:
    0: An error which is specific to the debug probe in use occurred.
    1: Error handling CMSIS-DAP command Info.
    2: Error in the USB access.
error: Recipe `attach` failed on line 38 with exit code 1
[reattach] attach exited, retrying in 2s...
[reattach] --- attempt #191 at 2026-08-08 15:41:04 ---
probe-rs attach --chip RP2350 target/thumbv8m.main-none-eabihf/release/pico_messenger
[33m WARN[0m [2mprobe_rs::config::registry[0m[2m:[0m Matching RP2350 based on wildcard. Consider specifying the chip as RP235x instead.
Error: Failed to open probe: Failed to open the debug probe.

Caused by:
    0: An error which is specific to the debug probe in use occurred.
    1: Error handling CMSIS-DAP command Info.
    2: Error in the USB access.
error: Recipe `attach` failed on line 38 with exit code 1
[reattach] attach exited, retrying in 2s...
[reattach] --- attempt #192 at 2026-08-08 15:41:06 ---
probe-rs attach --chip RP2350 target/thumbv8m.main-none-eabihf/release/pico_messenger
[33m WARN[0m [2mprobe_rs::config::registry[0m[2m:[0m Matching RP2350 based on wildcard. Consider specifying the chip as RP235x instead.
Error: Failed to open probe: Failed to open the debug probe.

Caused by:
    0: An error which is specific to the debug probe in use occurred.
    1: Error handling CMSIS-DAP command Info.
    2: Error in the USB access.
error: Recipe `attach` failed on line 38 with exit code 1
[reattach] attach exited, retrying in 2s...
[reattach] --- attempt #193 at 2026-08-08 15:41:09 ---
probe-rs attach --chip RP2350 target/thumbv8m.main-none-eabihf/release/pico_messenger
[33m WARN[0m [2mprobe_rs::config::registry[0m[2m:[0m Matching RP2350 based on wildcard. Consider specifying the chip as RP235x instead.
Error: Failed to open probe: Failed to open the debug probe.

Caused by:
    0: An error which is specific to the debug probe in use occurred.
    1: Error handling CMSIS-DAP command Info.
    2: Error in the USB access.
error: Recipe `attach` failed on line 38 with exit code 1
[reattach] attach exited, retrying in 2s...
[reattach] --- attempt #194 at 2026-08-08 15:41:11 ---
probe-rs attach --chip RP2350 target/thumbv8m.main-none-eabihf/release/pico_messenger
[33m WARN[0m [2mprobe_rs::config::registry[0m[2m:[0m Matching RP2350 based on wildcard. Consider specifying the chip as RP235x instead.
Error: Failed to open probe: Failed to open the debug probe.

Caused by:
    0: An error which is specific to the debug probe in use occurred.
    1: Error handling CMSIS-DAP command Info.
    2: Error in the USB access.
error: Recipe `attach` failed on line 38 with exit code 1
[reattach] attach exited, retrying in 2s...
[reattach] --- attempt #195 at 2026-08-08 15:41:13 ---
probe-rs attach --chip RP2350 target/thumbv8m.main-none-eabihf/release/pico_messenger
[33m WARN[0m [2mprobe_rs::config::registry[0m[2m:[0m Matching RP2350 based on wildcard. Consider specifying the chip as RP235x instead.
Error: Failed to open probe: Failed to open the debug probe.

Caused by:
    0: An error which is specific to the debug probe in use occurred.
    1: Error handling CMSIS-DAP command Info.
    2: Error in the USB access.
error: Recipe `attach` failed on line 38 with exit code 1
[reattach] attach exited, retrying in 2s...
[reattach] --- attempt #196 at 2026-08-08 15:41:15 ---
probe-rs attach --chip RP2350 target/thumbv8m.main-none-eabihf/release/pico_messenger
[33m WARN[0m [2mprobe_rs::config::registry[0m[2m:[0m Matching RP2350 based on wildcard. Consider specifying the chip as RP235x instead.
Error: Failed to open probe: Failed to open the debug probe.

Caused by:
    0: An error which is specific to the debug probe in use occurred.
    1: Error handling CMSIS-DAP command Info.
    2: Error in the USB access.
error: Recipe `attach` failed on line 38 with exit code 1
[reattach] attach exited, retrying in 2s...
[reattach] --- attempt #197 at 2026-08-08 15:41:17 ---
probe-rs attach --chip RP2350 target/thumbv8m.main-none-eabihf/release/pico_messenger
[33m WARN[0m [2mprobe_rs::config::registry[0m[2m:[0m Matching RP2350 based on wildcard. Consider specifying the chip as RP235x instead.
Error: Failed to open probe: Failed to open the debug probe.

Caused by:
    0: An error which is specific to the debug probe in use occurred.
    1: Error handling CMSIS-DAP command Info.
    2: Error in the USB access.
error: Recipe `attach` failed on line 38 with exit code 1
[reattach] attach exited, retrying in 2s...
[reattach] --- attempt #198 at 2026-08-08 15:41:19 ---
probe-rs attach --chip RP2350 target/thumbv8m.main-none-eabihf/release/pico_messenger
[33m WARN[0m [2mprobe_rs::config::registry[0m[2m:[0m Matching RP2350 based on wildcard. Consider specifying the chip as RP235x instead.
Error: Failed to open probe: Failed to open the debug probe.

Caused by:
    0: An error which is specific to the debug probe in use occurred.
    1: Error handling CMSIS-DAP command Info.
    2: Error in the USB access.
error: Recipe `attach` failed on line 38 with exit code 1
[reattach] attach exited, retrying in 2s...
[reattach] --- attempt #199 at 2026-08-08 15:41:21 ---
probe-rs attach --chip RP2350 target/thumbv8m.main-none-eabihf/release/pico_messenger
[33m WARN[0m [2mprobe_rs::config::registry[0m[2m:[0m Matching RP2350 based on wildcard. Consider specifying the chip as RP235x instead.
Error: Failed to open probe: Failed to open the debug probe.

Caused by:
    0: An error which is specific to the debug probe in use occurred.
    1: Error handling CMSIS-DAP command Info.
    2: Error in the USB access.
error: Recipe `attach` failed on line 38 with exit code 1
[reattach] attach exited, retrying in 2s...
[reattach] --- attempt #200 at 2026-08-08 15:41:23 ---
probe-rs attach --chip RP2350 target/thumbv8m.main-none-eabihf/release/pico_messenger
[33m WARN[0m [2mprobe_rs::config::registry[0m[2m:[0m Matching RP2350 based on wildcard. Consider specifying the chip as RP235x instead.
Error: Failed to open probe: Failed to open the debug probe.

Caused by:
    0: An error which is specific to the debug probe in use occurred.
    1: Error handling CMSIS-DAP command Info.
    2: Error in the USB access.
error: Recipe `attach` failed on line 38 with exit code 1
[reattach] attach exited, retrying in 2s...
[reattach] --- attempt #201 at 2026-08-08 15:41:25 ---
probe-rs attach --chip RP2350 target/thumbv8m.main-none-eabihf/release/pico_messenger
[33m WARN[0m [2mprobe_rs::config::registry[0m[2m:[0m Matching RP2350 based on wildcard. Consider specifying the chip as RP235x instead.
Error: Failed to open probe: Failed to open the debug probe.

Caused by:
    0: An error which is specific to the debug probe in use occurred.
    1: Error handling CMSIS-DAP command Info.
    2: Error in the USB access.
error: Recipe `attach` failed on line 38 with exit code 1
[reattach] attach exited, retrying in 2s...
[reattach] --- attempt #202 at 2026-08-08 15:41:27 ---
probe-rs attach --chip RP2350 target/thumbv8m.main-none-eabihf/release/pico_messenger
[33m WARN[0m [2mprobe_rs::config::registry[0m[2m:[0m Matching RP2350 based on wildcard. Consider specifying the chip as RP235x instead.
Error: Failed to open probe: Failed to open the debug probe.

Caused by:
    0: An error which is specific to the debug probe in use occurred.
    1: Error handling CMSIS-DAP command Info.
    2: Error in the USB access.
error: Recipe `attach` failed on line 38 with exit code 1
[reattach] attach exited, retrying in 2s...
[reattach] --- attempt #203 at 2026-08-08 15:41:29 ---
probe-rs attach --chip RP2350 target/thumbv8m.main-none-eabihf/release/pico_messenger
[33m WARN[0m [2mprobe_rs::config::registry[0m[2m:[0m Matching RP2350 based on wildcard. Consider specifying the chip as RP235x instead.
Error: Failed to open probe: Failed to open the debug probe.

Caused by:
    0: An error which is specific to the debug probe in use occurred.
    1: Error handling CMSIS-DAP command Info.
    2: Error in the USB access.
error: Recipe `attach` failed on line 38 with exit code 1
[reattach] attach exited, retrying in 2s...
[reattach] --- attempt #204 at 2026-08-08 15:41:31 ---
probe-rs attach --chip RP2350 target/thumbv8m.main-none-eabihf/release/pico_messenger
[33m WARN[0m [2mprobe_rs::config::registry[0m[2m:[0m Matching RP2350 based on wildcard. Consider specifying the chip as RP235x instead.
Error: Failed to open probe: Failed to open the debug probe.

Caused by:
    0: An error which is specific to the debug probe in use occurred.
    1: Error handling CMSIS-DAP command Info.
    2: Error in the USB access.
error: Recipe `attach` failed on line 38 with exit code 1
[reattach] attach exited, retrying in 2s...
[reattach] --- attempt #205 at 2026-08-08 15:41:33 ---
probe-rs attach --chip RP2350 target/thumbv8m.main-none-eabihf/release/pico_messenger
[33m WARN[0m [2mprobe_rs::config::registry[0m[2m:[0m Matching RP2350 based on wildcard. Consider specifying the chip as RP235x instead.
Error: Failed to open probe: Failed to open the debug probe.

Caused by:
    0: An error which is specific to the debug probe in use occurred.
    1: Error handling CMSIS-DAP command Info.
    2: Error in the USB access.
error: Recipe `attach` failed on line 38 with exit code 1
[reattach] attach exited, retrying in 2s...
[reattach] --- attempt #206 at 2026-08-08 15:41:35 ---
probe-rs attach --chip RP2350 target/thumbv8m.main-none-eabihf/release/pico_messenger
[33m WARN[0m [2mprobe_rs::config::registry[0m[2m:[0m Matching RP2350 based on wildcard. Consider specifying the chip as RP235x instead.
Error: Failed to open probe: Failed to open the debug probe.

Caused by:
    0: An error which is specific to the debug probe in use occurred.
    1: Error handling CMSIS-DAP command Info.
    2: Error in the USB access.
error: Recipe `attach` failed on line 38 with exit code 1
[reattach] attach exited, retrying in 2s...
[reattach] --- attempt #207 at 2026-08-08 15:41:37 ---
probe-rs attach --chip RP2350 target/thumbv8m.main-none-eabihf/release/pico_messenger
[33m WARN[0m [2mprobe_rs::config::registry[0m[2m:[0m Matching RP2350 based on wildcard. Consider specifying the chip as RP235x instead.
Error: Failed to open probe: Failed to open the debug probe.

Caused by:
    0: An error which is specific to the debug probe in use occurred.
    1: Error handling CMSIS-DAP command Info.
    2: Error in the USB access.
error: Recipe `attach` failed on line 38 with exit code 1
[reattach] attach exited, retrying in 2s...
[reattach] --- attempt #208 at 2026-08-08 15:41:40 ---
probe-rs attach --chip RP2350 target/thumbv8m.main-none-eabihf/release/pico_messenger
[33m WARN[0m [2mprobe_rs::config::registry[0m[2m:[0m Matching RP2350 based on wildcard. Consider specifying the chip as RP235x instead.
Error: Failed to open probe: Failed to open the debug probe.

Caused by:
    0: An error which is specific to the debug probe in use occurred.
    1: Error handling CMSIS-DAP command Info.
    2: Error in the USB access.
error: Recipe `attach` failed on line 38 with exit code 1
[reattach] attach exited, retrying in 2s...
[reattach] --- attempt #209 at 2026-08-08 15:41:42 ---
probe-rs attach --chip RP2350 target/thumbv8m.main-none-eabihf/release/pico_messenger
[33m WARN[0m [2mprobe_rs::config::registry[0m[2m:[0m Matching RP2350 based on wildcard. Consider specifying the chip as RP235x instead.
Error: Failed to open probe: Failed to open the debug probe.

Caused by:
    0: An error which is specific to the debug probe in use occurred.
    1: Error handling CMSIS-DAP command Info.
    2: Error in the USB access.
error: Recipe `attach` failed on line 38 with exit code 1
[reattach] attach exited, retrying in 2s...
[reattach] --- attempt #210 at 2026-08-08 15:41:44 ---
probe-rs attach --chip RP2350 target/thumbv8m.main-none-eabihf/release/pico_messenger
[33m WARN[0m [2mprobe_rs::config::registry[0m[2m:[0m Matching RP2350 based on wildcard. Consider specifying the chip as RP235x instead.
Error: Failed to open probe: Failed to open the debug probe.

Caused by:
    0: An error which is specific to the debug probe in use occurred.
    1: Error handling CMSIS-DAP command Info.
    2: Error in the USB access.
error: Recipe `attach` failed on line 38 with exit code 1
[reattach] attach exited, retrying in 2s...
[reattach] --- attempt #211 at 2026-08-08 15:41:46 ---
probe-rs attach --chip RP2350 target/thumbv8m.main-none-eabihf/release/pico_messenger
[33m WARN[0m [2mprobe_rs::config::registry[0m[2m:[0m Matching RP2350 based on wildcard. Consider specifying the chip as RP235x instead.
Error: Failed to open probe: Failed to open the debug probe.

Caused by:
    0: An error which is specific to the debug probe in use occurred.
    1: Error handling CMSIS-DAP command Info.
    2: Error in the USB access.
error: Recipe `attach` failed on line 38 with exit code 1
[reattach] attach exited, retrying in 2s...
[reattach] --- attempt #212 at 2026-08-08 15:41:48 ---
probe-rs attach --chip RP2350 target/thumbv8m.main-none-eabihf/release/pico_messenger
[33m WARN[0m [2mprobe_rs::config::registry[0m[2m:[0m Matching RP2350 based on wildcard. Consider specifying the chip as RP235x instead.
Error: Failed to open probe: Failed to open the debug probe.

Caused by:
    0: An error which is specific to the debug probe in use occurred.
    1: Error handling CMSIS-DAP command Info.
    2: Error in the USB access.
error: Recipe `attach` failed on line 38 with exit code 1
[reattach] attach exited, retrying in 2s...
[reattach] --- attempt #213 at 2026-08-08 15:41:50 ---
probe-rs attach --chip RP2350 target/thumbv8m.main-none-eabihf/release/pico_messenger
[33m WARN[0m [2mprobe_rs::config::registry[0m[2m:[0m Matching RP2350 based on wildcard. Consider specifying the chip as RP235x instead.
Error: Failed to open probe: Failed to open the debug probe.

Caused by:
    0: An error which is specific to the debug probe in use occurred.
    1: Error handling CMSIS-DAP command Info.
    2: Error in the USB access.
error: Recipe `attach` failed on line 38 with exit code 1
[reattach] attach exited, retrying in 2s...
[reattach] --- attempt #214 at 2026-08-08 15:41:52 ---
probe-rs attach --chip RP2350 target/thumbv8m.main-none-eabihf/release/pico_messenger
[33m WARN[0m [2mprobe_rs::config::registry[0m[2m:[0m Matching RP2350 based on wildcard. Consider specifying the chip as RP235x instead.
Error: Failed to open probe: Failed to open the debug probe.

Caused by:
    0: An error which is specific to the debug probe in use occurred.
    1: Error handling CMSIS-DAP command Info.
    2: Error in the USB access.
error: Recipe `attach` failed on line 38 with exit code 1
[reattach] attach exited, retrying in 2s...
[reattach] --- attempt #215 at 2026-08-08 15:41:54 ---
probe-rs attach --chip RP2350 target/thumbv8m.main-none-eabihf/release/pico_messenger
[33m WARN[0m [2mprobe_rs::config::registry[0m[2m:[0m Matching RP2350 based on wildcard. Consider specifying the chip as RP235x instead.
Error: Failed to open probe: Failed to open the debug probe.

Caused by:
    0: An error which is specific to the debug probe in use occurred.
    1: Error handling CMSIS-DAP command Info.
    2: Error in the USB access.
error: Recipe `attach` failed on line 38 with exit code 1
[reattach] attach exited, retrying in 2s...
[reattach] --- attempt #216 at 2026-08-08 15:41:56 ---
probe-rs attach --chip RP2350 target/thumbv8m.main-none-eabihf/release/pico_messenger
[33m WARN[0m [2mprobe_rs::config::registry[0m[2m:[0m Matching RP2350 based on wildcard. Consider specifying the chip as RP235x instead.
Error: Failed to open probe: Failed to open the debug probe.

Caused by:
    0: An error which is specific to the debug probe in use occurred.
    1: Error handling CMSIS-DAP command Info.
    2: Error in the USB access.
error: Recipe `attach` failed on line 38 with exit code 1
[reattach] attach exited, retrying in 2s...
[reattach] --- attempt #217 at 2026-08-08 15:41:58 ---
probe-rs attach --chip RP2350 target/thumbv8m.main-none-eabihf/release/pico_messenger
[33m WARN[0m [2mprobe_rs::config::registry[0m[2m:[0m Matching RP2350 based on wildcard. Consider specifying the chip as RP235x instead.
Error: Failed to open probe: Failed to open the debug probe.

Caused by:
    0: An error which is specific to the debug probe in use occurred.
    1: Error handling CMSIS-DAP command Info.
    2: Error in the USB access.
error: Recipe `attach` failed on line 38 with exit code 1
[reattach] attach exited, retrying in 2s...
[reattach] --- attempt #218 at 2026-08-08 15:42:00 ---
probe-rs attach --chip RP2350 target/thumbv8m.main-none-eabihf/release/pico_messenger
[33m WARN[0m [2mprobe_rs::config::registry[0m[2m:[0m Matching RP2350 based on wildcard. Consider specifying the chip as RP235x instead.
Error: Failed to open probe: Failed to open the debug probe.

Caused by:
    0: An error which is specific to the debug probe in use occurred.
    1: Error handling CMSIS-DAP command Info.
    2: Error in the USB access.
error: Recipe `attach` failed on line 38 with exit code 1
[reattach] attach exited, retrying in 2s...
[reattach] --- attempt #219 at 2026-08-08 15:42:02 ---
probe-rs attach --chip RP2350 target/thumbv8m.main-none-eabihf/release/pico_messenger
[33m WARN[0m [2mprobe_rs::config::registry[0m[2m:[0m Matching RP2350 based on wildcard. Consider specifying the chip as RP235x instead.
Error: Failed to open probe: Failed to open the debug probe.

Caused by:
    0: An error which is specific to the debug probe in use occurred.
    1: Error handling CMSIS-DAP command Info.
    2: Error in the USB access.
error: Recipe `attach` failed on line 38 with exit code 1
[reattach] attach exited, retrying in 2s...
[reattach] --- attempt #220 at 2026-08-08 15:42:04 ---
probe-rs attach --chip RP2350 target/thumbv8m.main-none-eabihf/release/pico_messenger
[33m WARN[0m [2mprobe_rs::config::registry[0m[2m:[0m Matching RP2350 based on wildcard. Consider specifying the chip as RP235x instead.
Error: Failed to open probe: Failed to open the debug probe.

Caused by:
    0: An error which is specific to the debug probe in use occurred.
    1: Error handling CMSIS-DAP command Info.
    2: Error in the USB access.
error: Recipe `attach` failed on line 38 with exit code 1
[reattach] attach exited, retrying in 2s...
[reattach] --- attempt #221 at 2026-08-08 15:42:06 ---
probe-rs attach --chip RP2350 target/thumbv8m.main-none-eabihf/release/pico_messenger
[33m WARN[0m [2mprobe_rs::config::registry[0m[2m:[0m Matching RP2350 based on wildcard. Consider specifying the chip as RP235x instead.
Error: Failed to open probe: Failed to open the debug probe.

Caused by:
    0: An error which is specific to the debug probe in use occurred.
    1: Error handling CMSIS-DAP command Info.
    2: Error in the USB access.
error: Recipe `attach` failed on line 38 with exit code 1
[reattach] attach exited, retrying in 2s...
[reattach] --- attempt #222 at 2026-08-08 15:42:09 ---
probe-rs attach --chip RP2350 target/thumbv8m.main-none-eabihf/release/pico_messenger
[33m WARN[0m [2mprobe_rs::config::registry[0m[2m:[0m Matching RP2350 based on wildcard. Consider specifying the chip as RP235x instead.
Error: Failed to open probe: Failed to open the debug probe.

Caused by:
    0: An error which is specific to the debug probe in use occurred.
    1: Error handling CMSIS-DAP command Info.
    2: Error in the USB access.
error: Recipe `attach` failed on line 38 with exit code 1
[reattach] attach exited, retrying in 2s...
[reattach] --- attempt #223 at 2026-08-08 15:42:11 ---
probe-rs attach --chip RP2350 target/thumbv8m.main-none-eabihf/release/pico_messenger
[33m WARN[0m [2mprobe_rs::config::registry[0m[2m:[0m Matching RP2350 based on wildcard. Consider specifying the chip as RP235x instead.
Error: Failed to open probe: Failed to open the debug probe.

Caused by:
    0: An error which is specific to the debug probe in use occurred.
    1: Error handling CMSIS-DAP command Info.
    2: Error in the USB access.
error: Recipe `attach` failed on line 38 with exit code 1
[reattach] attach exited, retrying in 2s...
[reattach] --- attempt #224 at 2026-08-08 15:42:13 ---
probe-rs attach --chip RP2350 target/thumbv8m.main-none-eabihf/release/pico_messenger
[33m WARN[0m [2mprobe_rs::config::registry[0m[2m:[0m Matching RP2350 based on wildcard. Consider specifying the chip as RP235x instead.
Error: Failed to open probe: Failed to open the debug probe.

Caused by:
    0: An error which is specific to the debug probe in use occurred.
    1: Error handling CMSIS-DAP command Info.
    2: Error in the USB access.
error: Recipe `attach` failed on line 38 with exit code 1
[reattach] attach exited, retrying in 2s...
[reattach] --- attempt #225 at 2026-08-08 15:42:15 ---
probe-rs attach --chip RP2350 target/thumbv8m.main-none-eabihf/release/pico_messenger
[33m WARN[0m [2mprobe_rs::config::registry[0m[2m:[0m Matching RP2350 based on wildcard. Consider specifying the chip as RP235x instead.
Error: Failed to open probe: Failed to open the debug probe.

Caused by:
    0: An error which is specific to the debug probe in use occurred.
    1: Error handling CMSIS-DAP command Info.
    2: Error in the USB access.
error: Recipe `attach` failed on line 38 with exit code 1
[reattach] attach exited, retrying in 2s...
[reattach] --- attempt #226 at 2026-08-08 15:42:17 ---
probe-rs attach --chip RP2350 target/thumbv8m.main-none-eabihf/release/pico_messenger
[33m WARN[0m [2mprobe_rs::config::registry[0m[2m:[0m Matching RP2350 based on wildcard. Consider specifying the chip as RP235x instead.
Error: Failed to open probe: Failed to open the debug probe.

Caused by:
    0: An error which is specific to the debug probe in use occurred.
    1: Error handling CMSIS-DAP command Info.
    2: Error in the USB access.
error: Recipe `attach` failed on line 38 with exit code 1
[reattach] attach exited, retrying in 2s...
[reattach] --- attempt #227 at 2026-08-08 15:42:19 ---
probe-rs attach --chip RP2350 target/thumbv8m.main-none-eabihf/release/pico_messenger
[33m WARN[0m [2mprobe_rs::config::registry[0m[2m:[0m Matching RP2350 based on wildcard. Consider specifying the chip as RP235x instead.
Error: Failed to open probe: Failed to open the debug probe.

Caused by:
    0: An error which is specific to the debug probe in use occurred.
    1: Error handling CMSIS-DAP command Info.
    2: Error in the USB access.
error: Recipe `attach` failed on line 38 with exit code 1
[reattach] attach exited, retrying in 2s...
[reattach] --- attempt #228 at 2026-08-08 15:42:21 ---
probe-rs attach --chip RP2350 target/thumbv8m.main-none-eabihf/release/pico_messenger
[33m WARN[0m [2mprobe_rs::config::registry[0m[2m:[0m Matching RP2350 based on wildcard. Consider specifying the chip as RP235x instead.
Error: Failed to open probe: Failed to open the debug probe.

Caused by:
    0: An error which is specific to the debug probe in use occurred.
    1: Error handling CMSIS-DAP command Info.
    2: Error in the USB access.
error: Recipe `attach` failed on line 38 with exit code 1
[reattach] attach exited, retrying in 2s...
[reattach] --- attempt #229 at 2026-08-08 15:42:23 ---
probe-rs attach --chip RP2350 target/thumbv8m.main-none-eabihf/release/pico_messenger
[33m WARN[0m [2mprobe_rs::config::registry[0m[2m:[0m Matching RP2350 based on wildcard. Consider specifying the chip as RP235x instead.
Error: Failed to open probe: Failed to open the debug probe.

Caused by:
    0: An error which is specific to the debug probe in use occurred.
    1: Error handling CMSIS-DAP command Info.
    2: Error in the USB access.
error: Recipe `attach` failed on line 38 with exit code 1
[reattach] attach exited, retrying in 2s...
[reattach] --- attempt #230 at 2026-08-08 15:42:25 ---
probe-rs attach --chip RP2350 target/thumbv8m.main-none-eabihf/release/pico_messenger
[33m WARN[0m [2mprobe_rs::config::registry[0m[2m:[0m Matching RP2350 based on wildcard. Consider specifying the chip as RP235x instead.
Error: Failed to open probe: Failed to open the debug probe.

Caused by:
    0: An error which is specific to the debug probe in use occurred.
    1: Error handling CMSIS-DAP command Info.
    2: Error in the USB access.
error: Recipe `attach` failed on line 38 with exit code 1
[reattach] attach exited, retrying in 2s...
[reattach] --- attempt #231 at 2026-08-08 15:42:27 ---
probe-rs attach --chip RP2350 target/thumbv8m.main-none-eabihf/release/pico_messenger
[33m WARN[0m [2mprobe_rs::config::registry[0m[2m:[0m Matching RP2350 based on wildcard. Consider specifying the chip as RP235x instead.
Error: Failed to open probe: Failed to open the debug probe.

Caused by:
    0: An error which is specific to the debug probe in use occurred.
    1: Error handling CMSIS-DAP command Info.
    2: Error in the USB access.
error: Recipe `attach` failed on line 38 with exit code 1
[reattach] attach exited, retrying in 2s...
[reattach] --- attempt #232 at 2026-08-08 15:42:29 ---
probe-rs attach --chip RP2350 target/thumbv8m.main-none-eabihf/release/pico_messenger
[33m WARN[0m [2mprobe_rs::config::registry[0m[2m:[0m Matching RP2350 based on wildcard. Consider specifying the chip as RP235x instead.
Error: Failed to open probe: Failed to open the debug probe.

Caused by:
    0: An error which is specific to the debug probe in use occurred.
    1: Error handling CMSIS-DAP command Info.
    2: Error in the USB access.
error: Recipe `attach` failed on line 38 with exit code 1
[reattach] attach exited, retrying in 2s...
[reattach] --- attempt #233 at 2026-08-08 15:42:31 ---
probe-rs attach --chip RP2350 target/thumbv8m.main-none-eabihf/release/pico_messenger
[33m WARN[0m [2mprobe_rs::config::registry[0m[2m:[0m Matching RP2350 based on wildcard. Consider specifying the chip as RP235x instead.
Error: Failed to open probe: Failed to open the debug probe.

Caused by:
    0: An error which is specific to the debug probe in use occurred.
    1: Error handling CMSIS-DAP command Info.
    2: Error in the USB access.
error: Recipe `attach` failed on line 38 with exit code 1
[reattach] attach exited, retrying in 2s...
[reattach] --- attempt #234 at 2026-08-08 15:42:33 ---
probe-rs attach --chip RP2350 target/thumbv8m.main-none-eabihf/release/pico_messenger
[33m WARN[0m [2mprobe_rs::config::registry[0m[2m:[0m Matching RP2350 based on wildcard. Consider specifying the chip as RP235x instead.
Error: Failed to open probe: Failed to open the debug probe.

Caused by:
    0: An error which is specific to the debug probe in use occurred.
    1: Error handling CMSIS-DAP command Info.
    2: Error in the USB access.
error: Recipe `attach` failed on line 38 with exit code 1
[reattach] attach exited, retrying in 2s...
[reattach] --- attempt #235 at 2026-08-08 15:42:35 ---
probe-rs attach --chip RP2350 target/thumbv8m.main-none-eabihf/release/pico_messenger
[33m WARN[0m [2mprobe_rs::config::registry[0m[2m:[0m Matching RP2350 based on wildcard. Consider specifying the chip as RP235x instead.
Error: Failed to open probe: Failed to open the debug probe.

Caused by:
    0: An error which is specific to the debug probe in use occurred.
    1: Error handling CMSIS-DAP command Info.
    2: Error in the USB access.
error: Recipe `attach` failed on line 38 with exit code 1
[reattach] attach exited, retrying in 2s...
[reattach] --- attempt #236 at 2026-08-08 15:42:37 ---
probe-rs attach --chip RP2350 target/thumbv8m.main-none-eabihf/release/pico_messenger
[33m WARN[0m [2mprobe_rs::config::registry[0m[2m:[0m Matching RP2350 based on wildcard. Consider specifying the chip as RP235x instead.
Error: Failed to open probe: Failed to open the debug probe.

Caused by:
    0: An error which is specific to the debug probe in use occurred.
    1: Error handling CMSIS-DAP command Info.
    2: Error in the USB access.
error: Recipe `attach` failed on line 38 with exit code 1
[reattach] attach exited, retrying in 2s...
[reattach] --- attempt #237 at 2026-08-08 15:42:40 ---
probe-rs attach --chip RP2350 target/thumbv8m.main-none-eabihf/release/pico_messenger
[33m WARN[0m [2mprobe_rs::config::registry[0m[2m:[0m Matching RP2350 based on wildcard. Consider specifying the chip as RP235x instead.
Error: Failed to open probe: Failed to open the debug probe.

Caused by:
    0: An error which is specific to the debug probe in use occurred.
    1: Error handling CMSIS-DAP command Info.
    2: Error in the USB access.
error: Recipe `attach` failed on line 38 with exit code 1
[reattach] attach exited, retrying in 2s...
[reattach] --- attempt #238 at 2026-08-08 15:42:42 ---
probe-rs attach --chip RP2350 target/thumbv8m.main-none-eabihf/release/pico_messenger
[33m WARN[0m [2mprobe_rs::config::registry[0m[2m:[0m Matching RP2350 based on wildcard. Consider specifying the chip as RP235x instead.
Error: Failed to open probe: Failed to open the debug probe.

Caused by:
    0: An error which is specific to the debug probe in use occurred.
    1: Error handling CMSIS-DAP command Info.
    2: Error in the USB access.
error: Recipe `attach` failed on line 38 with exit code 1
[reattach] attach exited, retrying in 2s...
[reattach] --- attempt #239 at 2026-08-08 15:42:44 ---
probe-rs attach --chip RP2350 target/thumbv8m.main-none-eabihf/release/pico_messenger
[33m WARN[0m [2mprobe_rs::config::registry[0m[2m:[0m Matching RP2350 based on wildcard. Consider specifying the chip as RP235x instead.
Error: Failed to open probe: Failed to open the debug probe.

Caused by:
    0: An error which is specific to the debug probe in use occurred.
    1: Error handling CMSIS-DAP command Info.
    2: Error in the USB access.
error: Recipe `attach` failed on line 38 with exit code 1
[reattach] attach exited, retrying in 2s...
[reattach] --- attempt #240 at 2026-08-08 15:42:46 ---
probe-rs attach --chip RP2350 target/thumbv8m.main-none-eabihf/release/pico_messenger
[33m WARN[0m [2mprobe_rs::config::registry[0m[2m:[0m Matching RP2350 based on wildcard. Consider specifying the chip as RP235x instead.
Error: Failed to open probe: Failed to open the debug probe.

Caused by:
    0: An error which is specific to the debug probe in use occurred.
    1: Error handling CMSIS-DAP command Info.
    2: Error in the USB access.
error: Recipe `attach` failed on line 38 with exit code 1
[reattach] attach exited, retrying in 2s...
[reattach] --- attempt #241 at 2026-08-08 15:42:48 ---
probe-rs attach --chip RP2350 target/thumbv8m.main-none-eabihf/release/pico_messenger
[33m WARN[0m [2mprobe_rs::config::registry[0m[2m:[0m Matching RP2350 based on wildcard. Consider specifying the chip as RP235x instead.
Error: Failed to open probe: Failed to open the debug probe.

Caused by:
    0: An error which is specific to the debug probe in use occurred.
    1: Error handling CMSIS-DAP command Info.
    2: Error in the USB access.
error: Recipe `attach` failed on line 38 with exit code 1
[reattach] attach exited, retrying in 2s...
[reattach] --- attempt #242 at 2026-08-08 15:42:50 ---
probe-rs attach --chip RP2350 target/thumbv8m.main-none-eabihf/release/pico_messenger
[33m WARN[0m [2mprobe_rs::config::registry[0m[2m:[0m Matching RP2350 based on wildcard. Consider specifying the chip as RP235x instead.
Error: Failed to open probe: Failed to open the debug probe.

Caused by:
    0: An error which is specific to the debug probe in use occurred.
    1: Error handling CMSIS-DAP command Info.
    2: Error in the USB access.
error: Recipe `attach` failed on line 38 with exit code 1
[reattach] attach exited, retrying in 2s...
[reattach] --- attempt #243 at 2026-08-08 15:42:52 ---
probe-rs attach --chip RP2350 target/thumbv8m.main-none-eabihf/release/pico_messenger
[33m WARN[0m [2mprobe_rs::config::registry[0m[2m:[0m Matching RP2350 based on wildcard. Consider specifying the chip as RP235x instead.
Error: Failed to open probe: Failed to open the debug probe.

Caused by:
    0: An error which is specific to the debug probe in use occurred.
    1: Error handling CMSIS-DAP command Info.
    2: Error in the USB access.
error: Recipe `attach` failed on line 38 with exit code 1
[reattach] attach exited, retrying in 2s...
[reattach] --- attempt #244 at 2026-08-08 15:42:54 ---
probe-rs attach --chip RP2350 target/thumbv8m.main-none-eabihf/release/pico_messenger
[33m WARN[0m [2mprobe_rs::config::registry[0m[2m:[0m Matching RP2350 based on wildcard. Consider specifying the chip as RP235x instead.
Error: Failed to open probe: Failed to open the debug probe.

Caused by:
    0: An error which is specific to the debug probe in use occurred.
    1: Error handling CMSIS-DAP command Info.
    2: Error in the USB access.
error: Recipe `attach` failed on line 38 with exit code 1
[reattach] attach exited, retrying in 2s...
[reattach] --- attempt #245 at 2026-08-08 15:42:56 ---
probe-rs attach --chip RP2350 target/thumbv8m.main-none-eabihf/release/pico_messenger
[33m WARN[0m [2mprobe_rs::config::registry[0m[2m:[0m Matching RP2350 based on wildcard. Consider specifying the chip as RP235x instead.
Error: Failed to open probe: Failed to open the debug probe.

Caused by:
    0: An error which is specific to the debug probe in use occurred.
    1: Error handling CMSIS-DAP command Info.
    2: Error in the USB access.
error: Recipe `attach` failed on line 38 with exit code 1
[reattach] attach exited, retrying in 2s...
[reattach] --- attempt #246 at 2026-08-08 15:42:58 ---
probe-rs attach --chip RP2350 target/thumbv8m.main-none-eabihf/release/pico_messenger
[33m WARN[0m [2mprobe_rs::config::registry[0m[2m:[0m Matching RP2350 based on wildcard. Consider specifying the chip as RP235x instead.
Error: Failed to open probe: Failed to open the debug probe.

Caused by:
    0: An error which is specific to the debug probe in use occurred.
    1: Error handling CMSIS-DAP command Info.
    2: Error in the USB access.
error: Recipe `attach` failed on line 38 with exit code 1
[reattach] attach exited, retrying in 2s...
[reattach] --- attempt #247 at 2026-08-08 15:43:00 ---
probe-rs attach --chip RP2350 target/thumbv8m.main-none-eabihf/release/pico_messenger
[33m WARN[0m [2mprobe_rs::config::registry[0m[2m:[0m Matching RP2350 based on wildcard. Consider specifying the chip as RP235x instead.
Error: Failed to open probe: Failed to open the debug probe.

Caused by:
    0: An error which is specific to the debug probe in use occurred.
    1: Error handling CMSIS-DAP command Info.
    2: Error in the USB access.
error: Recipe `attach` failed on line 38 with exit code 1
[reattach] attach exited, retrying in 2s...
[reattach] --- attempt #248 at 2026-08-08 15:43:02 ---
probe-rs attach --chip RP2350 target/thumbv8m.main-none-eabihf/release/pico_messenger
[33m WARN[0m [2mprobe_rs::config::registry[0m[2m:[0m Matching RP2350 based on wildcard. Consider specifying the chip as RP235x instead.
Error: Failed to open probe: Failed to open the debug probe.

Caused by:
    0: An error which is specific to the debug probe in use occurred.
    1: Error handling CMSIS-DAP command Info.
    2: Error in the USB access.
error: Recipe `attach` failed on line 38 with exit code 1
[reattach] attach exited, retrying in 2s...
[reattach] --- attempt #249 at 2026-08-08 15:43:04 ---
probe-rs attach --chip RP2350 target/thumbv8m.main-none-eabihf/release/pico_messenger
[33m WARN[0m [2mprobe_rs::config::registry[0m[2m:[0m Matching RP2350 based on wildcard. Consider specifying the chip as RP235x instead.
Error: Failed to open probe: Failed to open the debug probe.

Caused by:
    0: An error which is specific to the debug probe in use occurred.
    1: Error handling CMSIS-DAP command Info.
    2: Error in the USB access.
error: Recipe `attach` failed on line 38 with exit code 1
[reattach] attach exited, retrying in 2s...
[reattach] --- attempt #250 at 2026-08-08 15:43:06 ---
probe-rs attach --chip RP2350 target/thumbv8m.main-none-eabihf/release/pico_messenger
[33m WARN[0m [2mprobe_rs::config::registry[0m[2m:[0m Matching RP2350 based on wildcard. Consider specifying the chip as RP235x instead.
Error: Failed to open probe: Failed to open the debug probe.

Caused by:
    0: An error which is specific to the debug probe in use occurred.
    1: Error handling CMSIS-DAP command Info.
    2: Error in the USB access.
error: Recipe `attach` failed on line 38 with exit code 1
[reattach] attach exited, retrying in 2s...
[reattach] --- attempt #251 at 2026-08-08 15:43:08 ---
probe-rs attach --chip RP2350 target/thumbv8m.main-none-eabihf/release/pico_messenger
[33m WARN[0m [2mprobe_rs::config::registry[0m[2m:[0m Matching RP2350 based on wildcard. Consider specifying the chip as RP235x instead.
Error: Failed to open probe: Failed to open the debug probe.

Caused by:
    0: An error which is specific to the debug probe in use occurred.
    1: Error handling CMSIS-DAP command Info.
    2: Error in the USB access.
error: Recipe `attach` failed on line 38 with exit code 1
[reattach] attach exited, retrying in 2s...
[reattach] --- attempt #252 at 2026-08-08 15:43:11 ---
probe-rs attach --chip RP2350 target/thumbv8m.main-none-eabihf/release/pico_messenger
[33m WARN[0m [2mprobe_rs::config::registry[0m[2m:[0m Matching RP2350 based on wildcard. Consider specifying the chip as RP235x instead.
Error: Failed to open probe: Failed to open the debug probe.

Caused by:
    0: An error which is specific to the debug probe in use occurred.
    1: Error handling CMSIS-DAP command Info.
    2: Error in the USB access.
error: Recipe `attach` failed on line 38 with exit code 1
[reattach] attach exited, retrying in 2s...
[reattach] --- attempt #253 at 2026-08-08 15:43:13 ---
probe-rs attach --chip RP2350 target/thumbv8m.main-none-eabihf/release/pico_messenger
[33m WARN[0m [2mprobe_rs::config::registry[0m[2m:[0m Matching RP2350 based on wildcard. Consider specifying the chip as RP235x instead.
Error: Failed to open probe: Failed to open the debug probe.

Caused by:
    0: An error which is specific to the debug probe in use occurred.
    1: Error handling CMSIS-DAP command Info.
    2: Error in the USB access.
error: Recipe `attach` failed on line 38 with exit code 1
[reattach] attach exited, retrying in 2s...
[reattach] --- attempt #254 at 2026-08-08 15:43:15 ---
probe-rs attach --chip RP2350 target/thumbv8m.main-none-eabihf/release/pico_messenger
[33m WARN[0m [2mprobe_rs::config::registry[0m[2m:[0m Matching RP2350 based on wildcard. Consider specifying the chip as RP235x instead.
Error: Failed to open probe: Failed to open the debug probe.

Caused by:
    0: An error which is specific to the debug probe in use occurred.
    1: Error handling CMSIS-DAP command Info.
    2: Error in the USB access.
error: Recipe `attach` failed on line 38 with exit code 1
[reattach] attach exited, retrying in 2s...
[reattach] --- attempt #255 at 2026-08-08 15:43:17 ---
probe-rs attach --chip RP2350 target/thumbv8m.main-none-eabihf/release/pico_messenger
[33m WARN[0m [2mprobe_rs::config::registry[0m[2m:[0m Matching RP2350 based on wildcard. Consider specifying the chip as RP235x instead.
Error: Failed to open probe: Failed to open the debug probe.

Caused by:
    0: An error which is specific to the debug probe in use occurred.
    1: Error handling CMSIS-DAP command Info.
    2: Error in the USB access.
error: Recipe `attach` failed on line 38 with exit code 1
[reattach] attach exited, retrying in 2s...
[reattach] --- attempt #256 at 2026-08-08 15:43:19 ---
probe-rs attach --chip RP2350 target/thumbv8m.main-none-eabihf/release/pico_messenger
[33m WARN[0m [2mprobe_rs::config::registry[0m[2m:[0m Matching RP2350 based on wildcard. Consider specifying the chip as RP235x instead.
Error: Failed to open probe: Failed to open the debug probe.

Caused by:
    0: An error which is specific to the debug probe in use occurred.
    1: Error handling CMSIS-DAP command Info.
    2: Error in the USB access.
error: Recipe `attach` failed on line 38 with exit code 1
[reattach] attach exited, retrying in 2s...
[reattach] --- attempt #257 at 2026-08-08 15:43:21 ---
probe-rs attach --chip RP2350 target/thumbv8m.main-none-eabihf/release/pico_messenger
[33m WARN[0m [2mprobe_rs::config::registry[0m[2m:[0m Matching RP2350 based on wildcard. Consider specifying the chip as RP235x instead.
Error: Failed to open probe: Failed to open the debug probe.

Caused by:
    0: An error which is specific to the debug probe in use occurred.
    1: Error handling CMSIS-DAP command Info.
    2: Error in the USB access.
error: Recipe `attach` failed on line 38 with exit code 1
[reattach] attach exited, retrying in 2s...
[reattach] --- attempt #258 at 2026-08-08 15:43:23 ---
probe-rs attach --chip RP2350 target/thumbv8m.main-none-eabihf/release/pico_messenger
[33m WARN[0m [2mprobe_rs::config::registry[0m[2m:[0m Matching RP2350 based on wildcard. Consider specifying the chip as RP235x instead.
Error: Failed to open probe: Failed to open the debug probe.

Caused by:
    0: An error which is specific to the debug probe in use occurred.
    1: Error handling CMSIS-DAP command Info.
    2: Error in the USB access.
error: Recipe `attach` failed on line 38 with exit code 1
[reattach] attach exited, retrying in 2s...
[reattach] --- attempt #259 at 2026-08-08 15:43:25 ---
probe-rs attach --chip RP2350 target/thumbv8m.main-none-eabihf/release/pico_messenger
[33m WARN[0m [2mprobe_rs::config::registry[0m[2m:[0m Matching RP2350 based on wildcard. Consider specifying the chip as RP235x instead.
Error: Failed to open probe: Failed to open the debug probe.

Caused by:
    0: An error which is specific to the debug probe in use occurred.
    1: Error handling CMSIS-DAP command Info.
    2: Error in the USB access.
error: Recipe `attach` failed on line 38 with exit code 1
[reattach] attach exited, retrying in 2s...
[reattach] --- attempt #260 at 2026-08-08 15:43:27 ---
probe-rs attach --chip RP2350 target/thumbv8m.main-none-eabihf/release/pico_messenger
[33m WARN[0m [2mprobe_rs::config::registry[0m[2m:[0m Matching RP2350 based on wildcard. Consider specifying the chip as RP235x instead.
Error: Failed to open probe: Failed to open the debug probe.

Caused by:
    0: An error which is specific to the debug probe in use occurred.
    1: Error handling CMSIS-DAP command Info.
    2: Error in the USB access.
error: Recipe `attach` failed on line 38 with exit code 1
[reattach] attach exited, retrying in 2s...
[reattach] --- attempt #261 at 2026-08-08 15:43:29 ---
probe-rs attach --chip RP2350 target/thumbv8m.main-none-eabihf/release/pico_messenger
[33m WARN[0m [2mprobe_rs::config::registry[0m[2m:[0m Matching RP2350 based on wildcard. Consider specifying the chip as RP235x instead.
Error: Failed to open probe: Failed to open the debug probe.

Caused by:
    0: An error which is specific to the debug probe in use occurred.
    1: Error handling CMSIS-DAP command Info.
    2: Error in the USB access.
error: Recipe `attach` failed on line 38 with exit code 1
[reattach] attach exited, retrying in 2s...
[reattach] --- attempt #262 at 2026-08-08 15:43:31 ---
probe-rs attach --chip RP2350 target/thumbv8m.main-none-eabihf/release/pico_messenger
[33m WARN[0m [2mprobe_rs::config::registry[0m[2m:[0m Matching RP2350 based on wildcard. Consider specifying the chip as RP235x instead.
Error: Failed to open probe: Failed to open the debug probe.

Caused by:
    0: An error which is specific to the debug probe in use occurred.
    1: Error handling CMSIS-DAP command Info.
    2: Error in the USB access.
error: Recipe `attach` failed on line 38 with exit code 1
[reattach] attach exited, retrying in 2s...
[reattach] --- attempt #263 at 2026-08-08 15:43:33 ---
probe-rs attach --chip RP2350 target/thumbv8m.main-none-eabihf/release/pico_messenger
[33m WARN[0m [2mprobe_rs::config::registry[0m[2m:[0m Matching RP2350 based on wildcard. Consider specifying the chip as RP235x instead.
Error: Failed to open probe: Failed to open the debug probe.

Caused by:
    0: An error which is specific to the debug probe in use occurred.
    1: Error handling CMSIS-DAP command Info.
    2: Error in the USB access.
error: Recipe `attach` failed on line 38 with exit code 1
[reattach] attach exited, retrying in 2s...
[reattach] --- attempt #264 at 2026-08-08 15:43:35 ---
probe-rs attach --chip RP2350 target/thumbv8m.main-none-eabihf/release/pico_messenger
[33m WARN[0m [2mprobe_rs::config::registry[0m[2m:[0m Matching RP2350 based on wildcard. Consider specifying the chip as RP235x instead.
Error: Failed to open probe: Failed to open the debug probe.

Caused by:
    0: An error which is specific to the debug probe in use occurred.
    1: Error handling CMSIS-DAP command Info.
    2: Error in the USB access.
error: Recipe `attach` failed on line 38 with exit code 1
[reattach] attach exited, retrying in 2s...
[reattach] --- attempt #265 at 2026-08-08 15:43:37 ---
probe-rs attach --chip RP2350 target/thumbv8m.main-none-eabihf/release/pico_messenger
[33m WARN[0m [2mprobe_rs::config::registry[0m[2m:[0m Matching RP2350 based on wildcard. Consider specifying the chip as RP235x instead.
Error: Failed to open probe: Failed to open the debug probe.

Caused by:
    0: An error which is specific to the debug probe in use occurred.
    1: Error handling CMSIS-DAP command Info.
    2: Error in the USB access.
error: Recipe `attach` failed on line 38 with exit code 1
[reattach] attach exited, retrying in 2s...
[reattach] --- attempt #266 at 2026-08-08 15:43:39 ---
probe-rs attach --chip RP2350 target/thumbv8m.main-none-eabihf/release/pico_messenger
[33m WARN[0m [2mprobe_rs::config::registry[0m[2m:[0m Matching RP2350 based on wildcard. Consider specifying the chip as RP235x instead.
Error: Failed to open probe: Failed to open the debug probe.

Caused by:
    0: An error which is specific to the debug probe in use occurred.
    1: Error handling CMSIS-DAP command Info.
    2: Error in the USB access.
error: Recipe `attach` failed on line 38 with exit code 1
[reattach] attach exited, retrying in 2s...
[reattach] --- attempt #267 at 2026-08-08 15:43:42 ---
probe-rs attach --chip RP2350 target/thumbv8m.main-none-eabihf/release/pico_messenger
[33m WARN[0m [2mprobe_rs::config::registry[0m[2m:[0m Matching RP2350 based on wildcard. Consider specifying the chip as RP235x instead.
Error: Failed to open probe: Failed to open the debug probe.

Caused by:
    0: An error which is specific to the debug probe in use occurred.
    1: Error handling CMSIS-DAP command Info.
    2: Error in the USB access.
error: Recipe `attach` failed on line 38 with exit code 1
[reattach] attach exited, retrying in 2s...
[reattach] --- attempt #268 at 2026-08-08 15:43:44 ---
probe-rs attach --chip RP2350 target/thumbv8m.main-none-eabihf/release/pico_messenger
[33m WARN[0m [2mprobe_rs::config::registry[0m[2m:[0m Matching RP2350 based on wildcard. Consider specifying the chip as RP235x instead.
Error: Failed to open probe: Failed to open the debug probe.

Caused by:
    0: An error which is specific to the debug probe in use occurred.
    1: Error handling CMSIS-DAP command Info.
    2: Error in the USB access.
error: Recipe `attach` failed on line 38 with exit code 1
[reattach] attach exited, retrying in 2s...
[reattach] --- attempt #269 at 2026-08-08 15:43:46 ---
probe-rs attach --chip RP2350 target/thumbv8m.main-none-eabihf/release/pico_messenger
[33m WARN[0m [2mprobe_rs::config::registry[0m[2m:[0m Matching RP2350 based on wildcard. Consider specifying the chip as RP235x instead.
Error: Failed to open probe: Failed to open the debug probe.

Caused by:
    0: An error which is specific to the debug probe in use occurred.
    1: Error handling CMSIS-DAP command Info.
    2: Error in the USB access.
error: Recipe `attach` failed on line 38 with exit code 1
[reattach] attach exited, retrying in 2s...
[reattach] --- attempt #270 at 2026-08-08 15:43:48 ---
probe-rs attach --chip RP2350 target/thumbv8m.main-none-eabihf/release/pico_messenger
[33m WARN[0m [2mprobe_rs::config::registry[0m[2m:[0m Matching RP2350 based on wildcard. Consider specifying the chip as RP235x instead.
Error: Failed to open probe: Failed to open the debug probe.

Caused by:
    0: An error which is specific to the debug probe in use occurred.
    1: Error handling CMSIS-DAP command Info.
    2: Error in the USB access.
error: Recipe `attach` failed on line 38 with exit code 1
[reattach] attach exited, retrying in 2s...
[reattach] --- attempt #271 at 2026-08-08 15:43:50 ---
probe-rs attach --chip RP2350 target/thumbv8m.main-none-eabihf/release/pico_messenger
[33m WARN[0m [2mprobe_rs::config::registry[0m[2m:[0m Matching RP2350 based on wildcard. Consider specifying the chip as RP235x instead.
Error: Failed to open probe: Failed to open the debug probe.

Caused by:
    0: An error which is specific to the debug probe in use occurred.
    1: Error handling CMSIS-DAP command Info.
    2: Error in the USB access.
error: Recipe `attach` failed on line 38 with exit code 1
[reattach] attach exited, retrying in 2s...
[reattach] --- attempt #272 at 2026-08-08 15:43:52 ---
probe-rs attach --chip RP2350 target/thumbv8m.main-none-eabihf/release/pico_messenger
[33m WARN[0m [2mprobe_rs::config::registry[0m[2m:[0m Matching RP2350 based on wildcard. Consider specifying the chip as RP235x instead.
Error: Failed to open probe: Failed to open the debug probe.

Caused by:
    0: An error which is specific to the debug probe in use occurred.
    1: Error handling CMSIS-DAP command Info.
    2: Error in the USB access.
error: Recipe `attach` failed on line 38 with exit code 1
[reattach] attach exited, retrying in 2s...
[reattach] --- attempt #273 at 2026-08-08 15:43:54 ---
probe-rs attach --chip RP2350 target/thumbv8m.main-none-eabihf/release/pico_messenger
[33m WARN[0m [2mprobe_rs::config::registry[0m[2m:[0m Matching RP2350 based on wildcard. Consider specifying the chip as RP235x instead.
Error: Failed to open probe: Failed to open the debug probe.

Caused by:
    0: An error which is specific to the debug probe in use occurred.
    1: Error handling CMSIS-DAP command Info.
    2: Error in the USB access.
error: Recipe `attach` failed on line 38 with exit code 1
[reattach] attach exited, retrying in 2s...
[reattach] --- attempt #274 at 2026-08-08 15:43:56 ---
probe-rs attach --chip RP2350 target/thumbv8m.main-none-eabihf/release/pico_messenger
[33m WARN[0m [2mprobe_rs::config::registry[0m[2m:[0m Matching RP2350 based on wildcard. Consider specifying the chip as RP235x instead.
Error: Failed to open probe: Failed to open the debug probe.

Caused by:
    0: An error which is specific to the debug probe in use occurred.
    1: Error handling CMSIS-DAP command Info.
    2: Error in the USB access.
error: Recipe `attach` failed on line 38 with exit code 1
[reattach] attach exited, retrying in 2s...
[reattach] --- attempt #275 at 2026-08-08 15:43:58 ---
probe-rs attach --chip RP2350 target/thumbv8m.main-none-eabihf/release/pico_messenger
[33m WARN[0m [2mprobe_rs::config::registry[0m[2m:[0m Matching RP2350 based on wildcard. Consider specifying the chip as RP235x instead.
Error: Failed to open probe: Failed to open the debug probe.

Caused by:
    0: An error which is specific to the debug probe in use occurred.
    1: Error handling CMSIS-DAP command Info.
    2: Error in the USB access.
error: Recipe `attach` failed on line 38 with exit code 1
[reattach] attach exited, retrying in 2s...
[reattach] --- attempt #276 at 2026-08-08 15:44:00 ---
probe-rs attach --chip RP2350 target/thumbv8m.main-none-eabihf/release/pico_messenger
[33m WARN[0m [2mprobe_rs::config::registry[0m[2m:[0m Matching RP2350 based on wildcard. Consider specifying the chip as RP235x instead.
Error: Failed to open probe: Failed to open the debug probe.

Caused by:
    0: An error which is specific to the debug probe in use occurred.
    1: Error handling CMSIS-DAP command Info.
    2: Error in the USB access.
error: Recipe `attach` failed on line 38 with exit code 1
[reattach] attach exited, retrying in 2s...
[reattach] --- attempt #277 at 2026-08-08 15:44:02 ---
probe-rs attach --chip RP2350 target/thumbv8m.main-none-eabihf/release/pico_messenger
[33m WARN[0m [2mprobe_rs::config::registry[0m[2m:[0m Matching RP2350 based on wildcard. Consider specifying the chip as RP235x instead.
Error: Failed to open probe: Failed to open the debug probe.

Caused by:
    0: An error which is specific to the debug probe in use occurred.
    1: Error handling CMSIS-DAP command Info.
    2: Error in the USB access.
error: Recipe `attach` failed on line 38 with exit code 1
[reattach] attach exited, retrying in 2s...
[reattach] --- attempt #278 at 2026-08-08 15:44:04 ---
probe-rs attach --chip RP2350 target/thumbv8m.main-none-eabihf/release/pico_messenger
[33m WARN[0m [2mprobe_rs::config::registry[0m[2m:[0m Matching RP2350 based on wildcard. Consider specifying the chip as RP235x instead.
Error: Failed to open probe: Failed to open the debug probe.

Caused by:
    0: An error which is specific to the debug probe in use occurred.
    1: Error handling CMSIS-DAP command Info.
    2: Error in the USB access.
error: Recipe `attach` failed on line 38 with exit code 1
[reattach] attach exited, retrying in 2s...
[reattach] --- attempt #279 at 2026-08-08 15:44:06 ---
probe-rs attach --chip RP2350 target/thumbv8m.main-none-eabihf/release/pico_messenger
[33m WARN[0m [2mprobe_rs::config::registry[0m[2m:[0m Matching RP2350 based on wildcard. Consider specifying the chip as RP235x instead.
Error: Failed to open probe: Failed to open the debug probe.

Caused by:
    0: An error which is specific to the debug probe in use occurred.
    1: Error handling CMSIS-DAP command Info.
    2: Error in the USB access.
error: Recipe `attach` failed on line 38 with exit code 1
[reattach] attach exited, retrying in 2s...
[reattach] --- attempt #280 at 2026-08-08 15:44:08 ---
probe-rs attach --chip RP2350 target/thumbv8m.main-none-eabihf/release/pico_messenger
[33m WARN[0m [2mprobe_rs::config::registry[0m[2m:[0m Matching RP2350 based on wildcard. Consider specifying the chip as RP235x instead.
Error: Failed to open probe: Failed to open the debug probe.

Caused by:
    0: An error which is specific to the debug probe in use occurred.
    1: Error handling CMSIS-DAP command Info.
    2: Error in the USB access.
error: Recipe `attach` failed on line 38 with exit code 1
[reattach] attach exited, retrying in 2s...
[reattach] --- attempt #281 at 2026-08-08 15:44:11 ---
probe-rs attach --chip RP2350 target/thumbv8m.main-none-eabihf/release/pico_messenger
[33m WARN[0m [2mprobe_rs::config::registry[0m[2m:[0m Matching RP2350 based on wildcard. Consider specifying the chip as RP235x instead.
Error: Failed to open probe: Failed to open the debug probe.

Caused by:
    0: An error which is specific to the debug probe in use occurred.
    1: Error handling CMSIS-DAP command Info.
    2: Error in the USB access.
error: Recipe `attach` failed on line 38 with exit code 1
[reattach] attach exited, retrying in 2s...
[reattach] --- attempt #282 at 2026-08-08 15:44:13 ---
probe-rs attach --chip RP2350 target/thumbv8m.main-none-eabihf/release/pico_messenger
[33m WARN[0m [2mprobe_rs::config::registry[0m[2m:[0m Matching RP2350 based on wildcard. Consider specifying the chip as RP235x instead.
Error: Failed to open probe: Failed to open the debug probe.

Caused by:
    0: An error which is specific to the debug probe in use occurred.
    1: Error handling CMSIS-DAP command Info.
    2: Error in the USB access.
error: Recipe `attach` failed on line 38 with exit code 1
[reattach] attach exited, retrying in 2s...
[reattach] --- attempt #283 at 2026-08-08 15:44:15 ---
probe-rs attach --chip RP2350 target/thumbv8m.main-none-eabihf/release/pico_messenger
[33m WARN[0m [2mprobe_rs::config::registry[0m[2m:[0m Matching RP2350 based on wildcard. Consider specifying the chip as RP235x instead.
Error: Failed to open probe: Failed to open the debug probe.

Caused by:
    0: An error which is specific to the debug probe in use occurred.
    1: Error handling CMSIS-DAP command Info.
    2: Error in the USB access.
error: Recipe `attach` failed on line 38 with exit code 1
[reattach] attach exited, retrying in 2s...
[reattach] --- attempt #284 at 2026-08-08 15:44:17 ---
probe-rs attach --chip RP2350 target/thumbv8m.main-none-eabihf/release/pico_messenger
[33m WARN[0m [2mprobe_rs::config::registry[0m[2m:[0m Matching RP2350 based on wildcard. Consider specifying the chip as RP235x instead.
Error: Failed to open probe: Failed to open the debug probe.

Caused by:
    0: An error which is specific to the debug probe in use occurred.
    1: Error handling CMSIS-DAP command Info.
    2: Error in the USB access.
error: Recipe `attach` failed on line 38 with exit code 1
[reattach] attach exited, retrying in 2s...
[reattach] --- attempt #285 at 2026-08-08 15:44:19 ---
probe-rs attach --chip RP2350 target/thumbv8m.main-none-eabihf/release/pico_messenger
[33m WARN[0m [2mprobe_rs::config::registry[0m[2m:[0m Matching RP2350 based on wildcard. Consider specifying the chip as RP235x instead.
Error: Failed to open probe: Failed to open the debug probe.

Caused by:
    0: An error which is specific to the debug probe in use occurred.
    1: Error handling CMSIS-DAP command Info.
    2: Error in the USB access.
error: Recipe `attach` failed on line 38 with exit code 1
[reattach] attach exited, retrying in 2s...
[reattach] --- attempt #286 at 2026-08-08 15:44:21 ---
probe-rs attach --chip RP2350 target/thumbv8m.main-none-eabihf/release/pico_messenger
[33m WARN[0m [2mprobe_rs::config::registry[0m[2m:[0m Matching RP2350 based on wildcard. Consider specifying the chip as RP235x instead.
Error: Failed to open probe: Failed to open the debug probe.

Caused by:
    0: An error which is specific to the debug probe in use occurred.
    1: Error handling CMSIS-DAP command Info.
    2: Error in the USB access.
error: Recipe `attach` failed on line 38 with exit code 1
[reattach] attach exited, retrying in 2s...
[reattach] --- attempt #287 at 2026-08-08 15:44:23 ---
probe-rs attach --chip RP2350 target/thumbv8m.main-none-eabihf/release/pico_messenger
[33m WARN[0m [2mprobe_rs::config::registry[0m[2m:[0m Matching RP2350 based on wildcard. Consider specifying the chip as RP235x instead.
Error: Failed to open probe: Failed to open the debug probe.

Caused by:
    0: An error which is specific to the debug probe in use occurred.
    1: Error handling CMSIS-DAP command Info.
    2: Error in the USB access.
error: Recipe `attach` failed on line 38 with exit code 1
[reattach] attach exited, retrying in 2s...
[reattach] --- attempt #288 at 2026-08-08 15:44:25 ---
probe-rs attach --chip RP2350 target/thumbv8m.main-none-eabihf/release/pico_messenger
[33m WARN[0m [2mprobe_rs::config::registry[0m[2m:[0m Matching RP2350 based on wildcard. Consider specifying the chip as RP235x instead.
Error: Failed to open probe: Failed to open the debug probe.

Caused by:
    0: An error which is specific to the debug probe in use occurred.
    1: Error handling CMSIS-DAP command Info.
    2: Error in the USB access.
error: Recipe `attach` failed on line 38 with exit code 1
[reattach] attach exited, retrying in 2s...
[reattach] --- attempt #289 at 2026-08-08 15:44:27 ---
probe-rs attach --chip RP2350 target/thumbv8m.main-none-eabihf/release/pico_messenger
[33m WARN[0m [2mprobe_rs::config::registry[0m[2m:[0m Matching RP2350 based on wildcard. Consider specifying the chip as RP235x instead.
Error: Failed to open probe: Failed to open the debug probe.

Caused by:
    0: An error which is specific to the debug probe in use occurred.
    1: Error handling CMSIS-DAP command Info.
    2: Error in the USB access.
error: Recipe `attach` failed on line 38 with exit code 1
[reattach] attach exited, retrying in 2s...
[reattach] --- attempt #290 at 2026-08-08 15:44:29 ---
probe-rs attach --chip RP2350 target/thumbv8m.main-none-eabihf/release/pico_messenger
[33m WARN[0m [2mprobe_rs::config::registry[0m[2m:[0m Matching RP2350 based on wildcard. Consider specifying the chip as RP235x instead.
Error: Failed to open probe: Failed to open the debug probe.

Caused by:
    0: An error which is specific to the debug probe in use occurred.
    1: Error handling CMSIS-DAP command Info.
    2: Error in the USB access.
error: Recipe `attach` failed on line 38 with exit code 1
[reattach] attach exited, retrying in 2s...
[reattach] --- attempt #291 at 2026-08-08 15:44:31 ---
probe-rs attach --chip RP2350 target/thumbv8m.main-none-eabihf/release/pico_messenger
[33m WARN[0m [2mprobe_rs::config::registry[0m[2m:[0m Matching RP2350 based on wildcard. Consider specifying the chip as RP235x instead.
Error: Failed to open probe: Failed to open the debug probe.

Caused by:
    0: An error which is specific to the debug probe in use occurred.
    1: Error handling CMSIS-DAP command Info.
    2: Error in the USB access.
error: Recipe `attach` failed on line 38 with exit code 1
[reattach] attach exited, retrying in 2s...
[reattach] --- attempt #292 at 2026-08-08 15:44:33 ---
probe-rs attach --chip RP2350 target/thumbv8m.main-none-eabihf/release/pico_messenger
[33m WARN[0m [2mprobe_rs::config::registry[0m[2m:[0m Matching RP2350 based on wildcard. Consider specifying the chip as RP235x instead.
Error: Failed to open probe: Failed to open the debug probe.

Caused by:
    0: An error which is specific to the debug probe in use occurred.
    1: Error handling CMSIS-DAP command Info.
    2: Error in the USB access.
error: Recipe `attach` failed on line 38 with exit code 1
[reattach] attach exited, retrying in 2s...
[reattach] --- attempt #293 at 2026-08-08 15:44:35 ---
probe-rs attach --chip RP2350 target/thumbv8m.main-none-eabihf/release/pico_messenger
[33m WARN[0m [2mprobe_rs::config::registry[0m[2m:[0m Matching RP2350 based on wildcard. Consider specifying the chip as RP235x instead.
Error: Failed to open probe: Failed to open the debug probe.

Caused by:
    0: An error which is specific to the debug probe in use occurred.
    1: Error handling CMSIS-DAP command Info.
    2: Error in the USB access.
error: Recipe `attach` failed on line 38 with exit code 1
[reattach] attach exited, retrying in 2s...
[reattach] --- attempt #294 at 2026-08-08 15:44:37 ---
probe-rs attach --chip RP2350 target/thumbv8m.main-none-eabihf/release/pico_messenger
[33m WARN[0m [2mprobe_rs::config::registry[0m[2m:[0m Matching RP2350 based on wildcard. Consider specifying the chip as RP235x instead.
Error: Failed to open probe: Failed to open the debug probe.

Caused by:
    0: An error which is specific to the debug probe in use occurred.
    1: Error handling CMSIS-DAP command Info.
    2: Error in the USB access.
error: Recipe `attach` failed on line 38 with exit code 1
[reattach] attach exited, retrying in 2s...
[reattach] --- attempt #295 at 2026-08-08 15:44:39 ---
probe-rs attach --chip RP2350 target/thumbv8m.main-none-eabihf/release/pico_messenger
[33m WARN[0m [2mprobe_rs::config::registry[0m[2m:[0m Matching RP2350 based on wildcard. Consider specifying the chip as RP235x instead.
Error: Failed to open probe: Failed to open the debug probe.

Caused by:
    0: An error which is specific to the debug probe in use occurred.
    1: Error handling CMSIS-DAP command Info.
    2: Error in the USB access.
error: Recipe `attach` failed on line 38 with exit code 1
[reattach] attach exited, retrying in 2s...
[reattach] --- attempt #296 at 2026-08-08 15:44:42 ---
probe-rs attach --chip RP2350 target/thumbv8m.main-none-eabihf/release/pico_messenger
[33m WARN[0m [2mprobe_rs::config::registry[0m[2m:[0m Matching RP2350 based on wildcard. Consider specifying the chip as RP235x instead.
Error: Failed to open probe: Failed to open the debug probe.

Caused by:
    0: An error which is specific to the debug probe in use occurred.
    1: Error handling CMSIS-DAP command Info.
    2: Error in the USB access.
error: Recipe `attach` failed on line 38 with exit code 1
[reattach] attach exited, retrying in 2s...
[reattach] --- attempt #297 at 2026-08-08 15:44:44 ---
probe-rs attach --chip RP2350 target/thumbv8m.main-none-eabihf/release/pico_messenger
[33m WARN[0m [2mprobe_rs::config::registry[0m[2m:[0m Matching RP2350 based on wildcard. Consider specifying the chip as RP235x instead.
Error: Failed to open probe: Failed to open the debug probe.

Caused by:
    0: An error which is specific to the debug probe in use occurred.
    1: Error handling CMSIS-DAP command Info.
    2: Error in the USB access.
error: Recipe `attach` failed on line 38 with exit code 1
[reattach] attach exited, retrying in 2s...
[reattach] --- attempt #298 at 2026-08-08 15:44:46 ---
probe-rs attach --chip RP2350 target/thumbv8m.main-none-eabihf/release/pico_messenger
[33m WARN[0m [2mprobe_rs::config::registry[0m[2m:[0m Matching RP2350 based on wildcard. Consider specifying the chip as RP235x instead.
Error: Failed to open probe: Failed to open the debug probe.

Caused by:
    0: An error which is specific to the debug probe in use occurred.
    1: Error handling CMSIS-DAP command Info.
    2: Error in the USB access.
error: Recipe `attach` failed on line 38 with exit code 1
[reattach] attach exited, retrying in 2s...
[reattach] --- attempt #299 at 2026-08-08 15:44:48 ---
probe-rs attach --chip RP2350 target/thumbv8m.main-none-eabihf/release/pico_messenger
[33m WARN[0m [2mprobe_rs::config::registry[0m[2m:[0m Matching RP2350 based on wildcard. Consider specifying the chip as RP235x instead.
Error: Failed to open probe: Failed to open the debug probe.

Caused by:
    0: An error which is specific to the debug probe in use occurred.
    1: Error handling CMSIS-DAP command Info.
    2: Error in the USB access.
error: Recipe `attach` failed on line 38 with exit code 1
[reattach] attach exited, retrying in 2s...
[reattach] --- attempt #300 at 2026-08-08 15:44:50 ---
probe-rs attach --chip RP2350 target/thumbv8m.main-none-eabihf/release/pico_messenger
[33m WARN[0m [2mprobe_rs::config::registry[0m[2m:[0m Matching RP2350 based on wildcard. Consider specifying the chip as RP235x instead.
Error: Failed to open probe: Failed to open the debug probe.

Caused by:
    0: An error which is specific to the debug probe in use occurred.
    1: Error handling CMSIS-DAP command Info.
    2: Error in the USB access.
error: Recipe `attach` failed on line 38 with exit code 1
[reattach] attach exited, retrying in 2s...
[reattach] --- attempt #301 at 2026-08-08 15:44:52 ---
probe-rs attach --chip RP2350 target/thumbv8m.main-none-eabihf/release/pico_messenger
[33m WARN[0m [2mprobe_rs::config::registry[0m[2m:[0m Matching RP2350 based on wildcard. Consider specifying the chip as RP235x instead.
Error: Failed to open probe: Failed to open the debug probe.

Caused by:
    0: An error which is specific to the debug probe in use occurred.
    1: Error handling CMSIS-DAP command Info.
    2: Error in the USB access.
error: Recipe `attach` failed on line 38 with exit code 1
[reattach] attach exited, retrying in 2s...
[reattach] --- attempt #302 at 2026-08-08 15:44:54 ---
probe-rs attach --chip RP2350 target/thumbv8m.main-none-eabihf/release/pico_messenger
[33m WARN[0m [2mprobe_rs::config::registry[0m[2m:[0m Matching RP2350 based on wildcard. Consider specifying the chip as RP235x instead.
Error: Failed to open probe: Failed to open the debug probe.

Caused by:
    0: An error which is specific to the debug probe in use occurred.
    1: Error handling CMSIS-DAP command Info.
    2: Error in the USB access.
error: Recipe `attach` failed on line 38 with exit code 1
[reattach] attach exited, retrying in 2s...
[reattach] --- attempt #303 at 2026-08-08 15:44:56 ---
probe-rs attach --chip RP2350 target/thumbv8m.main-none-eabihf/release/pico_messenger
[33m WARN[0m [2mprobe_rs::config::registry[0m[2m:[0m Matching RP2350 based on wildcard. Consider specifying the chip as RP235x instead.
Error: Failed to open probe: Failed to open the debug probe.

Caused by:
    0: An error which is specific to the debug probe in use occurred.
    1: Error handling CMSIS-DAP command Info.
    2: Error in the USB access.
error: Recipe `attach` failed on line 38 with exit code 1
[reattach] attach exited, retrying in 2s...
[reattach] --- attempt #304 at 2026-08-08 15:44:58 ---
probe-rs attach --chip RP2350 target/thumbv8m.main-none-eabihf/release/pico_messenger
[33m WARN[0m [2mprobe_rs::config::registry[0m[2m:[0m Matching RP2350 based on wildcard. Consider specifying the chip as RP235x instead.
Error: Failed to open probe: Failed to open the debug probe.

Caused by:
    0: An error which is specific to the debug probe in use occurred.
    1: Error handling CMSIS-DAP command Info.
    2: Error in the USB access.
error: Recipe `attach` failed on line 38 with exit code 1
[reattach] attach exited, retrying in 2s...
[reattach] --- attempt #305 at 2026-08-08 15:45:00 ---
probe-rs attach --chip RP2350 target/thumbv8m.main-none-eabihf/release/pico_messenger
[33m WARN[0m [2mprobe_rs::config::registry[0m[2m:[0m Matching RP2350 based on wildcard. Consider specifying the chip as RP235x instead.
Error: Failed to open probe: Failed to open the debug probe.

Caused by:
    0: An error which is specific to the debug probe in use occurred.
    1: Error handling CMSIS-DAP command Info.
    2: Error in the USB access.
error: Recipe `attach` failed on line 38 with exit code 1
[reattach] attach exited, retrying in 2s...
[reattach] --- attempt #306 at 2026-08-08 15:45:02 ---
probe-rs attach --chip RP2350 target/thumbv8m.main-none-eabihf/release/pico_messenger
[33m WARN[0m [2mprobe_rs::config::registry[0m[2m:[0m Matching RP2350 based on wildcard. Consider specifying the chip as RP235x instead.
Error: Failed to open probe: Failed to open the debug probe.

Caused by:
    0: An error which is specific to the debug probe in use occurred.
    1: Error handling CMSIS-DAP command Info.
    2: Error in the USB access.
error: Recipe `attach` failed on line 38 with exit code 1
[reattach] attach exited, retrying in 2s...
[reattach] --- attempt #307 at 2026-08-08 15:45:04 ---
probe-rs attach --chip RP2350 target/thumbv8m.main-none-eabihf/release/pico_messenger
[33m WARN[0m [2mprobe_rs::config::registry[0m[2m:[0m Matching RP2350 based on wildcard. Consider specifying the chip as RP235x instead.
Error: Failed to open probe: Failed to open the debug probe.

Caused by:
    0: An error which is specific to the debug probe in use occurred.
    1: Error handling CMSIS-DAP command Info.
    2: Error in the USB access.
error: Recipe `attach` failed on line 38 with exit code 1
[reattach] attach exited, retrying in 2s...
[reattach] --- attempt #308 at 2026-08-08 15:45:06 ---
probe-rs attach --chip RP2350 target/thumbv8m.main-none-eabihf/release/pico_messenger
[33m WARN[0m [2mprobe_rs::config::registry[0m[2m:[0m Matching RP2350 based on wildcard. Consider specifying the chip as RP235x instead.
Error: Failed to open probe: Failed to open the debug probe.

Caused by:
    0: An error which is specific to the debug probe in use occurred.
    1: Error handling CMSIS-DAP command Info.
    2: Error in the USB access.
error: Recipe `attach` failed on line 38 with exit code 1
[reattach] attach exited, retrying in 2s...
[reattach] --- attempt #309 at 2026-08-08 15:45:08 ---
probe-rs attach --chip RP2350 target/thumbv8m.main-none-eabihf/release/pico_messenger
[33m WARN[0m [2mprobe_rs::config::registry[0m[2m:[0m Matching RP2350 based on wildcard. Consider specifying the chip as RP235x instead.
Error: Failed to open probe: Failed to open the debug probe.

Caused by:
    0: An error which is specific to the debug probe in use occurred.
    1: Error handling CMSIS-DAP command Info.
    2: Error in the USB access.
error: Recipe `attach` failed on line 38 with exit code 1
[reattach] attach exited, retrying in 2s...
[reattach] --- attempt #310 at 2026-08-08 15:45:11 ---
probe-rs attach --chip RP2350 target/thumbv8m.main-none-eabihf/release/pico_messenger
[33m WARN[0m [2mprobe_rs::config::registry[0m[2m:[0m Matching RP2350 based on wildcard. Consider specifying the chip as RP235x instead.
Error: Failed to open probe: Failed to open the debug probe.

Caused by:
    0: An error which is specific to the debug probe in use occurred.
    1: Error handling CMSIS-DAP command Info.
    2: Error in the USB access.
error: Recipe `attach` failed on line 38 with exit code 1
[reattach] attach exited, retrying in 2s...
[reattach] --- attempt #311 at 2026-08-08 15:45:13 ---
probe-rs attach --chip RP2350 target/thumbv8m.main-none-eabihf/release/pico_messenger
[33m WARN[0m [2mprobe_rs::config::registry[0m[2m:[0m Matching RP2350 based on wildcard. Consider specifying the chip as RP235x instead.
Error: Failed to open probe: Failed to open the debug probe.

Caused by:
    0: An error which is specific to the debug probe in use occurred.
    1: Error handling CMSIS-DAP command Info.
    2: Error in the USB access.
error: Recipe `attach` failed on line 38 with exit code 1
[reattach] attach exited, retrying in 2s...
[reattach] --- attempt #312 at 2026-08-08 15:45:15 ---
probe-rs attach --chip RP2350 target/thumbv8m.main-none-eabihf/release/pico_messenger
[33m WARN[0m [2mprobe_rs::config::registry[0m[2m:[0m Matching RP2350 based on wildcard. Consider specifying the chip as RP235x instead.
Error: Failed to open probe: Failed to open the debug probe.

Caused by:
    0: An error which is specific to the debug probe in use occurred.
    1: Error handling CMSIS-DAP command Info.
    2: Error in the USB access.
error: Recipe `attach` failed on line 38 with exit code 1
[reattach] attach exited, retrying in 2s...
[reattach] --- attempt #313 at 2026-08-08 15:45:17 ---
probe-rs attach --chip RP2350 target/thumbv8m.main-none-eabihf/release/pico_messenger
[33m WARN[0m [2mprobe_rs::config::registry[0m[2m:[0m Matching RP2350 based on wildcard. Consider specifying the chip as RP235x instead.
Error: Failed to open probe: Failed to open the debug probe.

Caused by:
    0: An error which is specific to the debug probe in use occurred.
    1: Error handling CMSIS-DAP command Info.
    2: Error in the USB access.
error: Recipe `attach` failed on line 38 with exit code 1
[reattach] attach exited, retrying in 2s...
[reattach] --- attempt #314 at 2026-08-08 15:45:19 ---
probe-rs attach --chip RP2350 target/thumbv8m.main-none-eabihf/release/pico_messenger
[33m WARN[0m [2mprobe_rs::config::registry[0m[2m:[0m Matching RP2350 based on wildcard. Consider specifying the chip as RP235x instead.
Error: Failed to open probe: Failed to open the debug probe.

Caused by:
    0: An error which is specific to the debug probe in use occurred.
    1: Error handling CMSIS-DAP command Info.
    2: Error in the USB access.
error: Recipe `attach` failed on line 38 with exit code 1
[reattach] attach exited, retrying in 2s...
[reattach] --- attempt #315 at 2026-08-08 15:45:21 ---
probe-rs attach --chip RP2350 target/thumbv8m.main-none-eabihf/release/pico_messenger
[33m WARN[0m [2mprobe_rs::config::registry[0m[2m:[0m Matching RP2350 based on wildcard. Consider specifying the chip as RP235x instead.
Error: Failed to open probe: Failed to open the debug probe.

Caused by:
    0: An error which is specific to the debug probe in use occurred.
    1: Error handling CMSIS-DAP command Info.
    2: Error in the USB access.
error: Recipe `attach` failed on line 38 with exit code 1
[reattach] attach exited, retrying in 2s...
[reattach] --- attempt #316 at 2026-08-08 15:45:23 ---
probe-rs attach --chip RP2350 target/thumbv8m.main-none-eabihf/release/pico_messenger
[33m WARN[0m [2mprobe_rs::config::registry[0m[2m:[0m Matching RP2350 based on wildcard. Consider specifying the chip as RP235x instead.
Error: Failed to open probe: Failed to open the debug probe.

Caused by:
    0: An error which is specific to the debug probe in use occurred.
    1: Error handling CMSIS-DAP command Info.
    2: Error in the USB access.
error: Recipe `attach` failed on line 38 with exit code 1
[reattach] attach exited, retrying in 2s...
[reattach] --- attempt #317 at 2026-08-08 15:45:25 ---
probe-rs attach --chip RP2350 target/thumbv8m.main-none-eabihf/release/pico_messenger
[33m WARN[0m [2mprobe_rs::config::registry[0m[2m:[0m Matching RP2350 based on wildcard. Consider specifying the chip as RP235x instead.
Error: Failed to open probe: Failed to open the debug probe.

Caused by:
    0: An error which is specific to the debug probe in use occurred.
    1: Error handling CMSIS-DAP command Info.
    2: Error in the USB access.
error: Recipe `attach` failed on line 38 with exit code 1
[reattach] attach exited, retrying in 2s...
[reattach] --- attempt #318 at 2026-08-08 15:45:27 ---
probe-rs attach --chip RP2350 target/thumbv8m.main-none-eabihf/release/pico_messenger
[33m WARN[0m [2mprobe_rs::config::registry[0m[2m:[0m Matching RP2350 based on wildcard. Consider specifying the chip as RP235x instead.
Error: Failed to open probe: Failed to open the debug probe.

Caused by:
    0: An error which is specific to the debug probe in use occurred.
    1: Error handling CMSIS-DAP command Info.
    2: Error in the USB access.
error: Recipe `attach` failed on line 38 with exit code 1
[reattach] attach exited, retrying in 2s...
[reattach] --- attempt #319 at 2026-08-08 15:45:29 ---
probe-rs attach --chip RP2350 target/thumbv8m.main-none-eabihf/release/pico_messenger
[33m WARN[0m [2mprobe_rs::config::registry[0m[2m:[0m Matching RP2350 based on wildcard. Consider specifying the chip as RP235x instead.
Error: Failed to open probe: Failed to open the debug probe.

Caused by:
    0: An error which is specific to the debug probe in use occurred.
    1: Error handling CMSIS-DAP command Info.
    2: Error in the USB access.
error: Recipe `attach` failed on line 38 with exit code 1
[reattach] attach exited, retrying in 2s...
[reattach] --- attempt #320 at 2026-08-08 15:45:31 ---
probe-rs attach --chip RP2350 target/thumbv8m.main-none-eabihf/release/pico_messenger
[33m WARN[0m [2mprobe_rs::config::registry[0m[2m:[0m Matching RP2350 based on wildcard. Consider specifying the chip as RP235x instead.
Error: Failed to open probe: Failed to open the debug probe.

Caused by:
    0: An error which is specific to the debug probe in use occurred.
    1: Error handling CMSIS-DAP command Info.
    2: Error in the USB access.
error: Recipe `attach` failed on line 38 with exit code 1
[reattach] attach exited, retrying in 2s...
[reattach] --- attempt #321 at 2026-08-08 15:45:33 ---
probe-rs attach --chip RP2350 target/thumbv8m.main-none-eabihf/release/pico_messenger
[33m WARN[0m [2mprobe_rs::config::registry[0m[2m:[0m Matching RP2350 based on wildcard. Consider specifying the chip as RP235x instead.
Error: Failed to open probe: Failed to open the debug probe.

Caused by:
    0: An error which is specific to the debug probe in use occurred.
    1: Error handling CMSIS-DAP command Info.
    2: Error in the USB access.
error: Recipe `attach` failed on line 38 with exit code 1
[reattach] attach exited, retrying in 2s...
[reattach] --- attempt #322 at 2026-08-08 15:45:35 ---
probe-rs attach --chip RP2350 target/thumbv8m.main-none-eabihf/release/pico_messenger
[33m WARN[0m [2mprobe_rs::config::registry[0m[2m:[0m Matching RP2350 based on wildcard. Consider specifying the chip as RP235x instead.
Error: Failed to open probe: Failed to open the debug probe.

Caused by:
    0: An error which is specific to the debug probe in use occurred.
    1: Error handling CMSIS-DAP command Info.
    2: Error in the USB access.
error: Recipe `attach` failed on line 38 with exit code 1
[reattach] attach exited, retrying in 2s...
[reattach] --- attempt #323 at 2026-08-08 15:45:37 ---
probe-rs attach --chip RP2350 target/thumbv8m.main-none-eabihf/release/pico_messenger
[33m WARN[0m [2mprobe_rs::config::registry[0m[2m:[0m Matching RP2350 based on wildcard. Consider specifying the chip as RP235x instead.
Error: Failed to open probe: Failed to open the debug probe.

Caused by:
    0: An error which is specific to the debug probe in use occurred.
    1: Error handling CMSIS-DAP command Info.
    2: Error in the USB access.
error: Recipe `attach` failed on line 38 with exit code 1
[reattach] attach exited, retrying in 2s...
[reattach] --- attempt #324 at 2026-08-08 15:45:39 ---
probe-rs attach --chip RP2350 target/thumbv8m.main-none-eabihf/release/pico_messenger
[33m WARN[0m [2mprobe_rs::config::registry[0m[2m:[0m Matching RP2350 based on wildcard. Consider specifying the chip as RP235x instead.
Error: Failed to open probe: Failed to open the debug probe.

Caused by:
    0: An error which is specific to the debug probe in use occurred.
    1: Error handling CMSIS-DAP command Info.
    2: Error in the USB access.
error: Recipe `attach` failed on line 38 with exit code 1
[reattach] attach exited, retrying in 2s...
[reattach] --- attempt #325 at 2026-08-08 15:45:42 ---
probe-rs attach --chip RP2350 target/thumbv8m.main-none-eabihf/release/pico_messenger
[33m WARN[0m [2mprobe_rs::config::registry[0m[2m:[0m Matching RP2350 based on wildcard. Consider specifying the chip as RP235x instead.
Error: Failed to open probe: Failed to open the debug probe.

Caused by:
    0: An error which is specific to the debug probe in use occurred.
    1: Error handling CMSIS-DAP command Info.
    2: Error in the USB access.
error: Recipe `attach` failed on line 38 with exit code 1
[reattach] attach exited, retrying in 2s...
[reattach] --- attempt #326 at 2026-08-08 15:45:44 ---
probe-rs attach --chip RP2350 target/thumbv8m.main-none-eabihf/release/pico_messenger
[33m WARN[0m [2mprobe_rs::config::registry[0m[2m:[0m Matching RP2350 based on wildcard. Consider specifying the chip as RP235x instead.
Error: Failed to open probe: Failed to open the debug probe.

Caused by:
    0: An error which is specific to the debug probe in use occurred.
    1: Error handling CMSIS-DAP command Info.
    2: Error in the USB access.
error: Recipe `attach` failed on line 38 with exit code 1
[reattach] attach exited, retrying in 2s...
[reattach] --- attempt #327 at 2026-08-08 15:45:46 ---
probe-rs attach --chip RP2350 target/thumbv8m.main-none-eabihf/release/pico_messenger
[33m WARN[0m [2mprobe_rs::config::registry[0m[2m:[0m Matching RP2350 based on wildcard. Consider specifying the chip as RP235x instead.
Error: Failed to open probe: Failed to open the debug probe.

Caused by:
    0: An error which is specific to the debug probe in use occurred.
    1: Error handling CMSIS-DAP command Info.
    2: Error in the USB access.
error: Recipe `attach` failed on line 38 with exit code 1
[reattach] attach exited, retrying in 2s...
[reattach] --- attempt #328 at 2026-08-08 15:45:48 ---
probe-rs attach --chip RP2350 target/thumbv8m.main-none-eabihf/release/pico_messenger
[33m WARN[0m [2mprobe_rs::config::registry[0m[2m:[0m Matching RP2350 based on wildcard. Consider specifying the chip as RP235x instead.
Error: Failed to open probe: Failed to open the debug probe.

Caused by:
    0: An error which is specific to the debug probe in use occurred.
    1: Error handling CMSIS-DAP command Info.
    2: Error in the USB access.
error: Recipe `attach` failed on line 38 with exit code 1
[reattach] attach exited, retrying in 2s...
[reattach] --- attempt #329 at 2026-08-08 15:45:50 ---
probe-rs attach --chip RP2350 target/thumbv8m.main-none-eabihf/release/pico_messenger
[33m WARN[0m [2mprobe_rs::config::registry[0m[2m:[0m Matching RP2350 based on wildcard. Consider specifying the chip as RP235x instead.
Error: Failed to open probe: Failed to open the debug probe.

Caused by:
    0: An error which is specific to the debug probe in use occurred.
    1: Error handling CMSIS-DAP command Info.
    2: Error in the USB access.
error: Recipe `attach` failed on line 38 with exit code 1
[reattach] attach exited, retrying in 2s...
[reattach] --- attempt #330 at 2026-08-08 15:45:52 ---
probe-rs attach --chip RP2350 target/thumbv8m.main-none-eabihf/release/pico_messenger
[33m WARN[0m [2mprobe_rs::config::registry[0m[2m:[0m Matching RP2350 based on wildcard. Consider specifying the chip as RP235x instead.
Error: Failed to open probe: Failed to open the debug probe.

Caused by:
    0: An error which is specific to the debug probe in use occurred.
    1: Error handling CMSIS-DAP command Info.
    2: Error in the USB access.
error: Recipe `attach` failed on line 38 with exit code 1
[reattach] attach exited, retrying in 2s...
[reattach] --- attempt #331 at 2026-08-08 15:45:54 ---
probe-rs attach --chip RP2350 target/thumbv8m.main-none-eabihf/release/pico_messenger
[33m WARN[0m [2mprobe_rs::config::registry[0m[2m:[0m Matching RP2350 based on wildcard. Consider specifying the chip as RP235x instead.
Error: Failed to open probe: Failed to open the debug probe.

Caused by:
    0: An error which is specific to the debug probe in use occurred.
    1: Error handling CMSIS-DAP command Info.
    2: Error in the USB access.
error: Recipe `attach` failed on line 38 with exit code 1
[reattach] attach exited, retrying in 2s...
[reattach] --- attempt #332 at 2026-08-08 15:45:56 ---
probe-rs attach --chip RP2350 target/thumbv8m.main-none-eabihf/release/pico_messenger
[33m WARN[0m [2mprobe_rs::config::registry[0m[2m:[0m Matching RP2350 based on wildcard. Consider specifying the chip as RP235x instead.
Error: Failed to open probe: Failed to open the debug probe.

Caused by:
    0: An error which is specific to the debug probe in use occurred.
    1: Error handling CMSIS-DAP command Info.
    2: Error in the USB access.
error: Recipe `attach` failed on line 38 with exit code 1
[reattach] attach exited, retrying in 2s...
[reattach] --- attempt #333 at 2026-08-08 15:45:58 ---
probe-rs attach --chip RP2350 target/thumbv8m.main-none-eabihf/release/pico_messenger
[33m WARN[0m [2mprobe_rs::config::registry[0m[2m:[0m Matching RP2350 based on wildcard. Consider specifying the chip as RP235x instead.
Error: Failed to open probe: Failed to open the debug probe.

Caused by:
    0: An error which is specific to the debug probe in use occurred.
    1: Error handling CMSIS-DAP command Info.
    2: Error in the USB access.
error: Recipe `attach` failed on line 38 with exit code 1
[reattach] attach exited, retrying in 2s...
[reattach] --- attempt #334 at 2026-08-08 15:46:00 ---
probe-rs attach --chip RP2350 target/thumbv8m.main-none-eabihf/release/pico_messenger
[33m WARN[0m [2mprobe_rs::config::registry[0m[2m:[0m Matching RP2350 based on wildcard. Consider specifying the chip as RP235x instead.
Error: Failed to open probe: Failed to open the debug probe.

Caused by:
    0: An error which is specific to the debug probe in use occurred.
    1: Error handling CMSIS-DAP command Info.
    2: Error in the USB access.
error: Recipe `attach` failed on line 38 with exit code 1
[reattach] attach exited, retrying in 2s...
[reattach] --- attempt #335 at 2026-08-08 15:46:02 ---
probe-rs attach --chip RP2350 target/thumbv8m.main-none-eabihf/release/pico_messenger
[33m WARN[0m [2mprobe_rs::config::registry[0m[2m:[0m Matching RP2350 based on wildcard. Consider specifying the chip as RP235x instead.
Error: Failed to open probe: Failed to open the debug probe.

Caused by:
    0: An error which is specific to the debug probe in use occurred.
    1: Error handling CMSIS-DAP command Info.
    2: Error in the USB access.
error: Recipe `attach` failed on line 38 with exit code 1
[reattach] attach exited, retrying in 2s...
[reattach] --- attempt #336 at 2026-08-08 15:46:04 ---
probe-rs attach --chip RP2350 target/thumbv8m.main-none-eabihf/release/pico_messenger
[33m WARN[0m [2mprobe_rs::config::registry[0m[2m:[0m Matching RP2350 based on wildcard. Consider specifying the chip as RP235x instead.
Error: Failed to open probe: Failed to open the debug probe.

Caused by:
    0: An error which is specific to the debug probe in use occurred.
    1: Error handling CMSIS-DAP command Info.
    2: Error in the USB access.
error: Recipe `attach` failed on line 38 with exit code 1
[reattach] attach exited, retrying in 2s...
[reattach] --- attempt #337 at 2026-08-08 15:46:06 ---
probe-rs attach --chip RP2350 target/thumbv8m.main-none-eabihf/release/pico_messenger
[33m WARN[0m [2mprobe_rs::config::registry[0m[2m:[0m Matching RP2350 based on wildcard. Consider specifying the chip as RP235x instead.
Error: Failed to open probe: Failed to open the debug probe.

Caused by:
    0: An error which is specific to the debug probe in use occurred.
    1: Error handling CMSIS-DAP command Info.
    2: Error in the USB access.
error: Recipe `attach` failed on line 38 with exit code 1
[reattach] attach exited, retrying in 2s...
[reattach] --- attempt #338 at 2026-08-08 15:46:08 ---
probe-rs attach --chip RP2350 target/thumbv8m.main-none-eabihf/release/pico_messenger
[33m WARN[0m [2mprobe_rs::config::registry[0m[2m:[0m Matching RP2350 based on wildcard. Consider specifying the chip as RP235x instead.
Error: Failed to open probe: Failed to open the debug probe.

Caused by:
    0: An error which is specific to the debug probe in use occurred.
    1: Error handling CMSIS-DAP command Info.
    2: Error in the USB access.
error: Recipe `attach` failed on line 38 with exit code 1
[reattach] attach exited, retrying in 2s...
[reattach] --- attempt #339 at 2026-08-08 15:46:11 ---
probe-rs attach --chip RP2350 target/thumbv8m.main-none-eabihf/release/pico_messenger
[33m WARN[0m [2mprobe_rs::config::registry[0m[2m:[0m Matching RP2350 based on wildcard. Consider specifying the chip as RP235x instead.
Error: Failed to open probe: Failed to open the debug probe.

Caused by:
    0: An error which is specific to the debug probe in use occurred.
    1: Error handling CMSIS-DAP command Info.
    2: Error in the USB access.
error: Recipe `attach` failed on line 38 with exit code 1
[reattach] attach exited, retrying in 2s...
[reattach] --- attempt #340 at 2026-08-08 15:46:13 ---
probe-rs attach --chip RP2350 target/thumbv8m.main-none-eabihf/release/pico_messenger
[33m WARN[0m [2mprobe_rs::config::registry[0m[2m:[0m Matching RP2350 based on wildcard. Consider specifying the chip as RP235x instead.
Error: Failed to open probe: Failed to open the debug probe.

Caused by:
    0: An error which is specific to the debug probe in use occurred.
    1: Error handling CMSIS-DAP command Info.
    2: Error in the USB access.
error: Recipe `attach` failed on line 38 with exit code 1
[reattach] attach exited, retrying in 2s...
[reattach] --- attempt #341 at 2026-08-08 15:46:15 ---
probe-rs attach --chip RP2350 target/thumbv8m.main-none-eabihf/release/pico_messenger
[33m WARN[0m [2mprobe_rs::config::registry[0m[2m:[0m Matching RP2350 based on wildcard. Consider specifying the chip as RP235x instead.
Error: Failed to open probe: Failed to open the debug probe.

Caused by:
    0: An error which is specific to the debug probe in use occurred.
    1: Error handling CMSIS-DAP command Info.
    2: Error in the USB access.
error: Recipe `attach` failed on line 38 with exit code 1
[reattach] attach exited, retrying in 2s...
[reattach] --- attempt #342 at 2026-08-08 15:46:17 ---
probe-rs attach --chip RP2350 target/thumbv8m.main-none-eabihf/release/pico_messenger
[33m WARN[0m [2mprobe_rs::config::registry[0m[2m:[0m Matching RP2350 based on wildcard. Consider specifying the chip as RP235x instead.
Error: Failed to open probe: Failed to open the debug probe.

Caused by:
    0: An error which is specific to the debug probe in use occurred.
    1: Error handling CMSIS-DAP command Info.
    2: Error in the USB access.
error: Recipe `attach` failed on line 38 with exit code 1
[reattach] attach exited, retrying in 2s...
[reattach] --- attempt #343 at 2026-08-08 15:46:19 ---
probe-rs attach --chip RP2350 target/thumbv8m.main-none-eabihf/release/pico_messenger
[33m WARN[0m [2mprobe_rs::config::registry[0m[2m:[0m Matching RP2350 based on wildcard. Consider specifying the chip as RP235x instead.
Error: Failed to open probe: Failed to open the debug probe.

Caused by:
    0: An error which is specific to the debug probe in use occurred.
    1: Error handling CMSIS-DAP command Info.
    2: Error in the USB access.
error: Recipe `attach` failed on line 38 with exit code 1
[reattach] attach exited, retrying in 2s...
[reattach] --- attempt #344 at 2026-08-08 15:46:21 ---
probe-rs attach --chip RP2350 target/thumbv8m.main-none-eabihf/release/pico_messenger
[33m WARN[0m [2mprobe_rs::config::registry[0m[2m:[0m Matching RP2350 based on wildcard. Consider specifying the chip as RP235x instead.
Error: Failed to open probe: Failed to open the debug probe.

Caused by:
    0: An error which is specific to the debug probe in use occurred.
    1: Error handling CMSIS-DAP command Info.
    2: Error in the USB access.
error: Recipe `attach` failed on line 38 with exit code 1
[reattach] attach exited, retrying in 2s...
[reattach] --- attempt #345 at 2026-08-08 15:46:23 ---
probe-rs attach --chip RP2350 target/thumbv8m.main-none-eabihf/release/pico_messenger
[33m WARN[0m [2mprobe_rs::config::registry[0m[2m:[0m Matching RP2350 based on wildcard. Consider specifying the chip as RP235x instead.
Error: Failed to open probe: Failed to open the debug probe.

Caused by:
    0: An error which is specific to the debug probe in use occurred.
    1: Error handling CMSIS-DAP command Info.
    2: Error in the USB access.
error: Recipe `attach` failed on line 38 with exit code 1
[reattach] attach exited, retrying in 2s...
[reattach] --- attempt #346 at 2026-08-08 15:46:25 ---
probe-rs attach --chip RP2350 target/thumbv8m.main-none-eabihf/release/pico_messenger
[33m WARN[0m [2mprobe_rs::config::registry[0m[2m:[0m Matching RP2350 based on wildcard. Consider specifying the chip as RP235x instead.
Error: Failed to open probe: Failed to open the debug probe.

Caused by:
    0: An error which is specific to the debug probe in use occurred.
    1: Error handling CMSIS-DAP command Info.
    2: Error in the USB access.
error: Recipe `attach` failed on line 38 with exit code 1
[reattach] attach exited, retrying in 2s...
[reattach] --- attempt #347 at 2026-08-08 15:46:27 ---
probe-rs attach --chip RP2350 target/thumbv8m.main-none-eabihf/release/pico_messenger
[33m WARN[0m [2mprobe_rs::config::registry[0m[2m:[0m Matching RP2350 based on wildcard. Consider specifying the chip as RP235x instead.
Error: Failed to open probe: Failed to open the debug probe.

Caused by:
    0: An error which is specific to the debug probe in use occurred.
    1: Error handling CMSIS-DAP command Info.
    2: Error in the USB access.
error: Recipe `attach` failed on line 38 with exit code 1
[reattach] attach exited, retrying in 2s...
[reattach] --- attempt #348 at 2026-08-08 15:46:29 ---
probe-rs attach --chip RP2350 target/thumbv8m.main-none-eabihf/release/pico_messenger
[33m WARN[0m [2mprobe_rs::config::registry[0m[2m:[0m Matching RP2350 based on wildcard. Consider specifying the chip as RP235x instead.
Error: Failed to open probe: Failed to open the debug probe.

Caused by:
    0: An error which is specific to the debug probe in use occurred.
    1: Error handling CMSIS-DAP command Info.
    2: Error in the USB access.
error: Recipe `attach` failed on line 38 with exit code 1
[reattach] attach exited, retrying in 2s...
[reattach] --- attempt #349 at 2026-08-08 15:46:31 ---
probe-rs attach --chip RP2350 target/thumbv8m.main-none-eabihf/release/pico_messenger
[33m WARN[0m [2mprobe_rs::config::registry[0m[2m:[0m Matching RP2350 based on wildcard. Consider specifying the chip as RP235x instead.
Error: Failed to open probe: Failed to open the debug probe.

Caused by:
    0: An error which is specific to the debug probe in use occurred.
    1: Error handling CMSIS-DAP command Info.
    2: Error in the USB access.
error: Recipe `attach` failed on line 38 with exit code 1
[reattach] attach exited, retrying in 2s...
[reattach] --- attempt #350 at 2026-08-08 15:46:33 ---
probe-rs attach --chip RP2350 target/thumbv8m.main-none-eabihf/release/pico_messenger
[33m WARN[0m [2mprobe_rs::config::registry[0m[2m:[0m Matching RP2350 based on wildcard. Consider specifying the chip as RP235x instead.
Error: Failed to open probe: Failed to open the debug probe.

Caused by:
    0: An error which is specific to the debug probe in use occurred.
    1: Error handling CMSIS-DAP command Info.
    2: Error in the USB access.
error: Recipe `attach` failed on line 38 with exit code 1
[reattach] attach exited, retrying in 2s...
[reattach] --- attempt #351 at 2026-08-08 15:46:35 ---
probe-rs attach --chip RP2350 target/thumbv8m.main-none-eabihf/release/pico_messenger
[33m WARN[0m [2mprobe_rs::config::registry[0m[2m:[0m Matching RP2350 based on wildcard. Consider specifying the chip as RP235x instead.
Error: Failed to open probe: Failed to open the debug probe.

Caused by:
    0: An error which is specific to the debug probe in use occurred.
    1: Error handling CMSIS-DAP command Info.
    2: Error in the USB access.
error: Recipe `attach` failed on line 38 with exit code 1
[reattach] attach exited, retrying in 2s...
[reattach] --- attempt #352 at 2026-08-08 15:46:37 ---
probe-rs attach --chip RP2350 target/thumbv8m.main-none-eabihf/release/pico_messenger
[33m WARN[0m [2mprobe_rs::config::registry[0m[2m:[0m Matching RP2350 based on wildcard. Consider specifying the chip as RP235x instead.
Error: Failed to open probe: Failed to open the debug probe.

Caused by:
    0: An error which is specific to the debug probe in use occurred.
    1: Error handling CMSIS-DAP command Info.
    2: Error in the USB access.
error: Recipe `attach` failed on line 38 with exit code 1
[reattach] attach exited, retrying in 2s...
[reattach] --- attempt #353 at 2026-08-08 15:46:39 ---
probe-rs attach --chip RP2350 target/thumbv8m.main-none-eabihf/release/pico_messenger
[33m WARN[0m [2mprobe_rs::config::registry[0m[2m:[0m Matching RP2350 based on wildcard. Consider specifying the chip as RP235x instead.
Error: Failed to open probe: Failed to open the debug probe.

Caused by:
    0: An error which is specific to the debug probe in use occurred.
    1: Error handling CMSIS-DAP command Info.
    2: Error in the USB access.
error: Recipe `attach` failed on line 38 with exit code 1
[reattach] attach exited, retrying in 2s...
[reattach] --- attempt #354 at 2026-08-08 15:46:42 ---
probe-rs attach --chip RP2350 target/thumbv8m.main-none-eabihf/release/pico_messenger
[33m WARN[0m [2mprobe_rs::config::registry[0m[2m:[0m Matching RP2350 based on wildcard. Consider specifying the chip as RP235x instead.
Error: Failed to open probe: Failed to open the debug probe.

Caused by:
    0: An error which is specific to the debug probe in use occurred.
    1: Error handling CMSIS-DAP command Info.
    2: Error in the USB access.
error: Recipe `attach` failed on line 38 with exit code 1
[reattach] attach exited, retrying in 2s...
[reattach] --- attempt #355 at 2026-08-08 15:46:44 ---
probe-rs attach --chip RP2350 target/thumbv8m.main-none-eabihf/release/pico_messenger
[33m WARN[0m [2mprobe_rs::config::registry[0m[2m:[0m Matching RP2350 based on wildcard. Consider specifying the chip as RP235x instead.
Error: Failed to open probe: Failed to open the debug probe.

Caused by:
    0: An error which is specific to the debug probe in use occurred.
    1: Error handling CMSIS-DAP command Info.
    2: Error in the USB access.
error: Recipe `attach` failed on line 38 with exit code 1
[reattach] attach exited, retrying in 2s...
[reattach] --- attempt #356 at 2026-08-08 15:46:46 ---
probe-rs attach --chip RP2350 target/thumbv8m.main-none-eabihf/release/pico_messenger
[33m WARN[0m [2mprobe_rs::config::registry[0m[2m:[0m Matching RP2350 based on wildcard. Consider specifying the chip as RP235x instead.
Error: Failed to open probe: Failed to open the debug probe.

Caused by:
    0: An error which is specific to the debug probe in use occurred.
    1: Error handling CMSIS-DAP command Info.
    2: Error in the USB access.
error: Recipe `attach` failed on line 38 with exit code 1
[reattach] attach exited, retrying in 2s...
[reattach] --- attempt #357 at 2026-08-08 15:46:48 ---
probe-rs attach --chip RP2350 target/thumbv8m.main-none-eabihf/release/pico_messenger
[33m WARN[0m [2mprobe_rs::config::registry[0m[2m:[0m Matching RP2350 based on wildcard. Consider specifying the chip as RP235x instead.
Error: Failed to open probe: Failed to open the debug probe.

Caused by:
    0: An error which is specific to the debug probe in use occurred.
    1: Error handling CMSIS-DAP command Info.
    2: Error in the USB access.
error: Recipe `attach` failed on line 38 with exit code 1
[reattach] attach exited, retrying in 2s...
[reattach] --- attempt #358 at 2026-08-08 15:46:50 ---
probe-rs attach --chip RP2350 target/thumbv8m.main-none-eabihf/release/pico_messenger
[33m WARN[0m [2mprobe_rs::config::registry[0m[2m:[0m Matching RP2350 based on wildcard. Consider specifying the chip as RP235x instead.
Error: Failed to open probe: Failed to open the debug probe.

Caused by:
    0: An error which is specific to the debug probe in use occurred.
    1: Error handling CMSIS-DAP command Info.
    2: Error in the USB access.
error: Recipe `attach` failed on line 38 with exit code 1
[reattach] attach exited, retrying in 2s...
[reattach] --- attempt #359 at 2026-08-08 15:46:52 ---
probe-rs attach --chip RP2350 target/thumbv8m.main-none-eabihf/release/pico_messenger
[33m WARN[0m [2mprobe_rs::config::registry[0m[2m:[0m Matching RP2350 based on wildcard. Consider specifying the chip as RP235x instead.
Error: Failed to open probe: Failed to open the debug probe.

Caused by:
    0: An error which is specific to the debug probe in use occurred.
    1: Error handling CMSIS-DAP command Info.
    2: Error in the USB access.
error: Recipe `attach` failed on line 38 with exit code 1
[reattach] attach exited, retrying in 2s...
[reattach] --- attempt #360 at 2026-08-08 15:46:54 ---
probe-rs attach --chip RP2350 target/thumbv8m.main-none-eabihf/release/pico_messenger
[33m WARN[0m [2mprobe_rs::config::registry[0m[2m:[0m Matching RP2350 based on wildcard. Consider specifying the chip as RP235x instead.
Error: Failed to open probe: Failed to open the debug probe.

Caused by:
    0: An error which is specific to the debug probe in use occurred.
    1: Error handling CMSIS-DAP command Info.
    2: Error in the USB access.
error: Recipe `attach` failed on line 38 with exit code 1
[reattach] attach exited, retrying in 2s...
[reattach] --- attempt #361 at 2026-08-08 15:46:56 ---
probe-rs attach --chip RP2350 target/thumbv8m.main-none-eabihf/release/pico_messenger
[33m WARN[0m [2mprobe_rs::config::registry[0m[2m:[0m Matching RP2350 based on wildcard. Consider specifying the chip as RP235x instead.
Error: Failed to open probe: Failed to open the debug probe.

Caused by:
    0: An error which is specific to the debug probe in use occurred.
    1: Error handling CMSIS-DAP command Info.
    2: Error in the USB access.
error: Recipe `attach` failed on line 38 with exit code 1
[reattach] attach exited, retrying in 2s...
[reattach] --- attempt #362 at 2026-08-08 15:46:58 ---
probe-rs attach --chip RP2350 target/thumbv8m.main-none-eabihf/release/pico_messenger
[33m WARN[0m [2mprobe_rs::config::registry[0m[2m:[0m Matching RP2350 based on wildcard. Consider specifying the chip as RP235x instead.
Error: Failed to open probe: Failed to open the debug probe.

Caused by:
    0: An error which is specific to the debug probe in use occurred.
    1: Error handling CMSIS-DAP command Info.
    2: Error in the USB access.
error: Recipe `attach` failed on line 38 with exit code 1
[reattach] attach exited, retrying in 2s...
[reattach] --- attempt #363 at 2026-08-08 15:47:00 ---
probe-rs attach --chip RP2350 target/thumbv8m.main-none-eabihf/release/pico_messenger
[33m WARN[0m [2mprobe_rs::config::registry[0m[2m:[0m Matching RP2350 based on wildcard. Consider specifying the chip as RP235x instead.
Error: Failed to open probe: Failed to open the debug probe.

Caused by:
    0: An error which is specific to the debug probe in use occurred.
    1: Error handling CMSIS-DAP command Info.
    2: Error in the USB access.
error: Recipe `attach` failed on line 38 with exit code 1
[reattach] attach exited, retrying in 2s...
[reattach] --- attempt #364 at 2026-08-08 15:47:02 ---
probe-rs attach --chip RP2350 target/thumbv8m.main-none-eabihf/release/pico_messenger
[33m WARN[0m [2mprobe_rs::config::registry[0m[2m:[0m Matching RP2350 based on wildcard. Consider specifying the chip as RP235x instead.
Error: Failed to open probe: Failed to open the debug probe.

Caused by:
    0: An error which is specific to the debug probe in use occurred.
    1: Error handling CMSIS-DAP command Info.
    2: Error in the USB access.
error: Recipe `attach` failed on line 38 with exit code 1
[reattach] attach exited, retrying in 2s...
[reattach] --- attempt #365 at 2026-08-08 15:47:04 ---
probe-rs attach --chip RP2350 target/thumbv8m.main-none-eabihf/release/pico_messenger
[33m WARN[0m [2mprobe_rs::config::registry[0m[2m:[0m Matching RP2350 based on wildcard. Consider specifying the chip as RP235x instead.
Error: Failed to open probe: Failed to open the debug probe.

Caused by:
    0: An error which is specific to the debug probe in use occurred.
    1: Error handling CMSIS-DAP command Info.
    2: Error in the USB access.
error: Recipe `attach` failed on line 38 with exit code 1
[reattach] attach exited, retrying in 2s...
[reattach] --- attempt #366 at 2026-08-08 15:47:06 ---
probe-rs attach --chip RP2350 target/thumbv8m.main-none-eabihf/release/pico_messenger
[33m WARN[0m [2mprobe_rs::config::registry[0m[2m:[0m Matching RP2350 based on wildcard. Consider specifying the chip as RP235x instead.
Error: Failed to open probe: Failed to open the debug probe.

Caused by:
    0: An error which is specific to the debug probe in use occurred.
    1: Error handling CMSIS-DAP command Info.
    2: Error in the USB access.
error: Recipe `attach` failed on line 38 with exit code 1
[reattach] attach exited, retrying in 2s...
[reattach] --- attempt #367 at 2026-08-08 15:47:08 ---
probe-rs attach --chip RP2350 target/thumbv8m.main-none-eabihf/release/pico_messenger
[33m WARN[0m [2mprobe_rs::config::registry[0m[2m:[0m Matching RP2350 based on wildcard. Consider specifying the chip as RP235x instead.
Error: Failed to open probe: Failed to open the debug probe.

Caused by:
    0: An error which is specific to the debug probe in use occurred.
    1: Error handling CMSIS-DAP command Info.
    2: Error in the USB access.
error: Recipe `attach` failed on line 38 with exit code 1
[reattach] attach exited, retrying in 2s...
[reattach] --- attempt #368 at 2026-08-08 15:47:10 ---
probe-rs attach --chip RP2350 target/thumbv8m.main-none-eabihf/release/pico_messenger
[33m WARN[0m [2mprobe_rs::config::registry[0m[2m:[0m Matching RP2350 based on wildcard. Consider specifying the chip as RP235x instead.
Error: Failed to open probe: Failed to open the debug probe.

Caused by:
    0: An error which is specific to the debug probe in use occurred.
    1: Error handling CMSIS-DAP command Info.
    2: Error in the USB access.
error: Recipe `attach` failed on line 38 with exit code 1
[reattach] attach exited, retrying in 2s...
[reattach] --- attempt #369 at 2026-08-08 15:47:13 ---
probe-rs attach --chip RP2350 target/thumbv8m.main-none-eabihf/release/pico_messenger
[33m WARN[0m [2mprobe_rs::config::registry[0m[2m:[0m Matching RP2350 based on wildcard. Consider specifying the chip as RP235x instead.
Error: Failed to open probe: Failed to open the debug probe.

Caused by:
    0: An error which is specific to the debug probe in use occurred.
    1: Error handling CMSIS-DAP command Info.
    2: Error in the USB access.
error: Recipe `attach` failed on line 38 with exit code 1
[reattach] attach exited, retrying in 2s...
[reattach] --- attempt #370 at 2026-08-08 15:47:15 ---
probe-rs attach --chip RP2350 target/thumbv8m.main-none-eabihf/release/pico_messenger
[33m WARN[0m [2mprobe_rs::config::registry[0m[2m:[0m Matching RP2350 based on wildcard. Consider specifying the chip as RP235x instead.
Error: Failed to open probe: Failed to open the debug probe.

Caused by:
    0: An error which is specific to the debug probe in use occurred.
    1: Error handling CMSIS-DAP command Info.
    2: Error in the USB access.
error: Recipe `attach` failed on line 38 with exit code 1
[reattach] attach exited, retrying in 2s...
[reattach] --- attempt #371 at 2026-08-08 15:47:17 ---
probe-rs attach --chip RP2350 target/thumbv8m.main-none-eabihf/release/pico_messenger
[33m WARN[0m [2mprobe_rs::config::registry[0m[2m:[0m Matching RP2350 based on wildcard. Consider specifying the chip as RP235x instead.
Error: Failed to open probe: Failed to open the debug probe.

Caused by:
    0: An error which is specific to the debug probe in use occurred.
    1: Error handling CMSIS-DAP command Info.
    2: Error in the USB access.
error: Recipe `attach` failed on line 38 with exit code 1
[reattach] attach exited, retrying in 2s...
[reattach] --- attempt #372 at 2026-08-08 15:47:19 ---
probe-rs attach --chip RP2350 target/thumbv8m.main-none-eabihf/release/pico_messenger
[33m WARN[0m [2mprobe_rs::config::registry[0m[2m:[0m Matching RP2350 based on wildcard. Consider specifying the chip as RP235x instead.
Error: Failed to open probe: Failed to open the debug probe.

Caused by:
    0: An error which is specific to the debug probe in use occurred.
    1: Error handling CMSIS-DAP command Info.
    2: Error in the USB access.
error: Recipe `attach` failed on line 38 with exit code 1
[reattach] attach exited, retrying in 2s...
[reattach] --- attempt #373 at 2026-08-08 15:47:21 ---
probe-rs attach --chip RP2350 target/thumbv8m.main-none-eabihf/release/pico_messenger
[33m WARN[0m [2mprobe_rs::config::registry[0m[2m:[0m Matching RP2350 based on wildcard. Consider specifying the chip as RP235x instead.
Error: Failed to open probe: Failed to open the debug probe.

Caused by:
    0: An error which is specific to the debug probe in use occurred.
    1: Error handling CMSIS-DAP command Info.
    2: Error in the USB access.
error: Recipe `attach` failed on line 38 with exit code 1
[reattach] attach exited, retrying in 2s...
